panel_num,stitch_num
10,38
22,85
9,33
9,34
7,31
10,37
8,38
9,25
18,50
14,45
12,30
8,24
13,56
18,48
13,47
16,42
12,53
9,26
16,58
7,15
21,51
22,111
9,22
11,41
16,35
11,27
8,21
6,19
14,30
22,63
12,27
14,45
17,44
12,50
6,17
7,24
14,41
12,37
11,58
24,85
21,58
19,43
29,88
25,72
17,53
9,44
23,61
17,57
15,56
13,38
6,26
17,38
22,52
10,27
16,37
13,45
8,17
7,20
10,34
18,42
22,67
15,49
9,48
13,47
11,47
12,31
13,39
12,36
22,55
16,45
10,43
17,61
18,56
13,41
12,43
24,85
12,43
11,47
18,43
13,43
14,49
14,48
12,44
13,47
18,53
13,43
10,31
23,105
5,16
10,38
7,17
18,39
8,36
13,52
19,61
6,44
6,15
5,20
9,23
15,54
15,46
9,34
27,84
12,36
10,32
15,54
19,58
12,45
11,36
9,35
19,63
16,43
5,13
14,32
13,40
11,45
19,47
17,56
29,118
18,50
12,47
17,57
14,40
6,21
11,29
14,54
14,42
6,12
11,29
17,52
18,60
8,23
11,39
9,37
16,62
20,47
15,40
10,43
15,39
9,27
11,24
13,57
11,37
12,42
6,28
15,43
13,49
15,52
8,29
16,41
23,59
19,58
6,22
17,107
8,34
22,63
21,61
17,107
13,49
17,75
20,49
13,48
20,43
7,20
8,34
4,26
10,43
12,44
13,49
6,16
11,36
22,55
4,8
9,33
13,42
21,65
18,57
18,54
13,34
10,46
10,27
10,30
8,19
9,21
14,51
14,35
13,46
16,56
18,45
15,57
10,41
21,52
14,50
7,23
13,39
16,58
14,36
14,54
5,16
11,41
15,52
12,49
15,49
9,24
7,19
10,32
11,30
7,22
12,43
13,43
16,63
25,64
7,32
12,30
18,56
19,56
17,55
4,13
18,41
9,28
18,50
12,50
20,58
20,117
14,51
9,25
12,31
9,39
19,59
15,39
17,45
13,48
15,53
17,67
9,20
14,48
21,115
21,67
15,40
5,17
19,47
13,50
15,39
10,41
18,51
16,43
11,31
22,74
15,38
13,37
15,48
17,44
8,35
11,37
13,48
17,58
7,33
10,35
12,31
5,15
11,29
11,33
16,47
14,48
20,57
6,21
4,10
13,41
15,48
22,50
9,27
8,28
13,51
10,38
7,17
27,75
13,37
6,16
10,40
18,46
13,35
23,59
15,51
9,28
13,44
18,49
14,46
14,38
12,42
13,45
12,41
19,63
22,112
10,27
18,54
13,41
7,22
10,32
11,27
6,25
10,34
9,25
17,44
20,65
12,44
14,56
19,58
4,15
13,47
5,12
12,41
14,46
21,54
6,16
16,44
15,41
5,16
18,42
17,44
15,56
12,42
14,57
15,36
15,39
13,46
12,14
13,39
15,28
12,46
5,26
11,30
20,101
10,41
19,110
12,32
12,28
4,67
11,44
22,64
10,30
6,18
23,62
11,35
10,39
12,48
22,60
8,36
14,52
12,42
12,39
22,122
5,14
11,44
14,45
17,47
17,60
7,34
17,52
16,45
18,57
4,10
17,52
21,66
29,87
19,65
10,31
9,36
12,26
14,51
13,33
17,49
13,38
12,33
13,34
14,34
19,47
14,34
11,28
11,36
15,53
16,62
13,35
13,41
14,43
17,59
24,66
8,17
9,27
14,48
19,52
12,42
12,30
9,27
7,28
16,41
10,30
14,40
9,16
2,4
6,22
20,109
18,57
11,31
18,49
16,48
7,22
9,21
11,32
16,56
12,37
10,33
17,45
5,21
18,54
21,64
12,39
15,45
22,56
14,47
14,53
18,47
12,39
12,34
14,51
21,116
12,47
10,35
15,37
13,34
25,69
12,33
10,27
17,65
19,53
22,54
10,26
10,37
12,50
15,56
18,48
8,30
6,20
14,46
19,64
20,56
9,29
11,23
9,36
5,29
20,63
10,28
5,24
11,29
19,73
17,54
21,56
11,31
18,50
11,37
27,72
21,58
17,53
17,54
12,31
14,41
10,38
15,50
12,38
10,33
13,50
10,40
7,22
14,50
17,49
14,55
4,18
14,38
14,32
13,48
9,40
12,45
16,46
9,25
14,40
14,38
13,48
9,24
13,38
3,6
24,73
11,43
13,44
12,48
19,54
14,40
11,33
20,50
9,21
20,66
25,65
14,37
14,48
18,44
16,58
8,23
14,44
18,58
12,45
6,26
7,21
9,18
11,37
4,13
13,49
9,29
14,47
15,54
22,114
9,21
19,63
11,47
11,31
14,38
14,52
11,43
9,29
13,47
15,58
26,115
12,41
9,33
14,48
21,65
23,65
19,39
11,34
3,4
19,51
9,21
25,60
17,49
7,30
15,39
15,98
15,43
25,65
5,13
19,56
15,42
13,47
8,38
16,43
14,45
13,40
10,26
10,38
15,58
14,35
11,44
20,64
14,37
10,44
10,28
12,31
20,54
20,54
20,57
11,37
11,32
7,16
12,29
9,40
14,55
8,41
9,25
20,51
9,24
18,53
10,26
8,34
5,13
17,51
9,26
17,48
10,34
14,32
18,100
12,49
12,37
16,48
6,18
8,27
10,40
12,52
5,20
16,45
9,36
17,44
17,55
20,56
19,59
11,76
15,51
13,66
10,26
14,42
8,23
13,36
13,31
16,44
11,30
8,46
9,26
13,34
19,57
11,45
20,56
7,20
14,34
25,65
10,35
20,51
13,48
9,21
19,47
11,30
10,41
17,51
14,49
13,56
20,49
21,54
18,62
14,64
14,36
26,113
23,73
9,30
17,58
22,67
13,43
16,38
11,29
8,29
16,91
10,26
15,49
11,44
5,21
13,39
15,41
11,22
12,37
7,72
10,34
5,24
14,53
11,26
12,36
17,50
9,25
6,19
7,15
14,50
9,22
13,55
14,34
5,14
16,47
12,45
11,53
22,65
13,62
15,49
15,41
18,57
4,6
21,104
14,53
11,47
12,43
12,27
21,55
4,10
15,45
12,45
15,35
10,29
10,40
9,45
13,38
17,50
8,17
9,31
11,35
12,37
8,28
16,44
16,50
20,48
15,44
12,30
20,62
15,37
13,46
18,53
14,35
20,63
9,24
12,46
11,33
5,26
8,29
13,39
16,55
12,52
12,47
27,88
11,33
9,26
13,48
10,40
12,51
9,26
25,109
12,49
3,5
9,42
13,33
12,37
9,34
9,33
5,16
16,46
13,49
14,35
12,38
21,68
19,53
15,61
8,28
20,63
2,10
21,67
13,50
9,37
10,23
10,33
12,45
20,65
14,34
13,50
20,44
17,55
21,49
20,62
12,53
10,29
17,78
11,40
11,31
10,40
20,49
10,29
5,33
11,43
12,37
9,71
6,8
19,48
9,25
13,48
17,52
22,124
11,45
9,24
12,46
9,27
11,29
13,52
13,56
12,30
11,28
12,45
6,15
7,20
9,26
11,43
9,30
13,44
14,40
13,44
15,52
8,33
12,36
11,43
13,45
22,54
9,35
6,16
20,60
13,46
11,25
15,66
18,48
13,34
13,48
15,43
23,62
10,31
18,64
12,52
13,35
11,29
18,42
9,33
18,56
19,105
23,83
13,51
9,25
5,11
10,38
9,24
15,34
21,54
16,49
22,55
19,49
14,44
15,51
13,39
12,44
11,32
10,39
10,40
9,27
9,21
9,29
10,48
7,36
8,26
16,43
14,49
11,41
10,31
7,19
3,7
8,26
12,48
20,47
7,24
24,84
11,34
16,58
10,46
4,10
13,60
20,60
6,34
16,48
13,49
12,41
15,56
14,42
10,32
18,44
13,46
15,55
9,33
19,60
22,68
8,29
27,76
18,51
14,38
7,20
16,49
20,49
13,34
16,43
16,50
16,49
18,57
13,45
17,52
18,46
10,53
9,23
14,49
26,110
10,38
15,39
22,71
18,49
18,55
6,24
10,40
12,31
8,18
15,52
13,39
9,31
13,31
12,47
13,52
18,49
14,48
9,34
4,18
15,47
2,8
11,34
14,50
8,37
5,10
9,24
8,28
9,47
20,48
18,50
16,40
13,43
8,32
13,89
12,37
6,19
19,51
16,43
11,30
15,41
16,49
13,63
10,29
8,27
3,8
14,36
17,35
10,44
16,49
11,35
12,38
7,25
14,32
12,50
14,50
12,39
8,22
5,18
14,48
20,60
11,31
12,117
15,40
21,67
24,56
16,58
7,33
15,36
15,49
16,47
14,41
13,48
15,28
17,46
18,50
19,58
17,47
5,14
18,47
21,60
11,27
11,31
6,15
14,39
9,23
22,117
13,49
18,47
7,24
23,115
12,52
12,37
12,32
13,57
15,52
16,60
20,47
14,46
9,17
21,63
17,44
18,44
6,19
20,53
9,33
5,25
5,15
11,42
15,38
19,59
19,64
11,38
7,23
27,72
8,23
16,45
16,49
15,126
13,108
15,41
10,40
6,24
11,33
11,39
8,38
17,46
14,48
15,36
10,35
11,30
13,35
22,64
11,40
9,38
7,32
21,103
13,43
21,70
15,57
21,100
10,35
20,56
11,67
12,46
13,34
11,23
20,62
15,56
10,45
9,24
14,42
11,33
8,46
9,36
17,51
8,30
5,18
14,45
15,41
17,43
14,38
9,21
12,38
9,31
9,22
12,48
14,53
13,52
14,46
19,61
6,24
5,22
6,20
9,28
12,43
9,33
17,64
7,24
9,36
12,46
14,50
16,44
20,110
19,57
10,46
12,49
11,44
9,20
16,44
17,42
11,30
15,49
17,115
13,48
12,46
10,32
12,35
8,12
8,26
24,67
10,38
14,39
18,50
8,30
11,45
12,31
16,53
12,67
19,51
10,23
11,40
19,58
17,45
18,53
12,27
15,58
29,129
11,33
20,53
13,49
8,21
9,22
21,62
14,41
15,39
12,48
12,33
8,28
20,51
15,48
19,62
7,27
14,54
6,24
10,21
3,7
20,58
6,22
19,57
10,37
9,20
10,27
19,47
14,50
19,56
8,24
14,47
17,58
13,29
9,41
8,29
18,35
15,47
13,31
22,74
13,44
14,33
9,31
12,33
12,31
13,48
18,57
21,51
10,29
16,52
14,46
10,36
11,27
16,50
15,51
15,50
15,47
17,38
15,56
9,20
15,49
11,29
9,29
11,34
9,30
12,34
13,49
16,44
8,53
10,22
9,25
19,70
9,22
20,52
17,48
8,24
9,22
13,85
24,70
11,45
2,10
13,44
10,42
12,42
15,43
22,62
9,37
5,7
8,19
15,48
11,31
9,27
6,23
20,55
18,57
20,48
11,28
18,50
9,32
9,24
19,51
15,56
15,42
6,16
18,35
17,55
4,14
19,58
14,48
2,3
7,27
18,97
23,55
10,20
11,30
16,42
9,24
10,45
9,40
7,23
5,39
7,23
14,30
16,57
13,36
7,15
9,36
12,45
19,48
16,48
10,43
16,35
8,28
14,46
13,43
9,40
14,41
9,33
16,64
8,35
9,22
23,71
17,63
15,46
16,47
11,25
5,22
24,63
20,56
10,29
13,49
16,50
31,76
6,24
8,29
15,84
20,51
5,17
23,71
20,50
12,31
11,32
15,45
16,41
12,42
17,53
15,51
17,46
10,25
26,66
13,38
17,46
15,44
16,55
17,70
18,46
15,39
18,50
19,55
15,56
21,55
14,44
13,52
15,50
16,44
13,46
7,19
7,20
9,19
16,50
8,26
12,38
11,33
8,32
11,38
14,49
20,51
15,47
11,35
17,55
12,42
9,26
9,20
20,56
18,48
10,25
12,44
13,39
9,35
29,89
16,58
8,18
8,18
14,36
13,28
14,38
21,53
13,38
5,15
7,46
11,31
21,49
10,25
13,26
6,15
15,52
14,55
13,37
18,67
12,47
20,56
18,55
8,28
22,104
15,48
22,50
19,81
20,64
9,26
13,24
10,43
6,21
10,34
18,43
11,27
15,57
22,68
12,40
10,37
30,92
16,51
22,63
8,39
18,54
13,43
15,48
22,117
13,49
9,24
12,41
19,47
10,29
15,44
19,106
5,15
10,28
7,30
21,55
9,23
11,28
10,31
10,113
12,51
14,38
9,38
5,23
13,30
14,42
18,47
10,19
9,22
22,66
8,28
18,77
9,26
13,20
12,44
10,29
10,28
10,28
22,58
24,57
16,44
16,49
10,41
8,21
11,29
7,17
10,101
5,19
14,83
12,33
10,23
8,22
10,45
14,32
13,35
15,44
10,39
20,56
17,58
12,40
12,41
11,52
10,25
17,62
19,54
8,23
10,31
11,34
15,43
10,54
7,24
30,89
15,53
11,35
20,59
20,56
22,63
12,42
22,67
12,54
14,35
10,34
10,36
18,53
9,21
21,64
9,36
20,55
17,49
16,60
6,18
8,37
20,62
12,30
17,55
20,56
18,50
14,36
10,25
23,66
6,20
24,79
22,111
8,38
11,31
17,63
13,30
9,26
20,57
20,113
14,52
9,27
13,51
11,27
22,71
16,52
29,83
14,45
10,44
14,52
10,50
10,45
13,34
8,23
15,45
13,44
13,48
13,54
17,50
13,46
20,51
22,60
10,23
19,61
23,61
8,38
12,26
9,36
8,39
18,62
14,46
16,44
17,53
14,47
17,56
13,51
15,31
10,31
10,36
14,46
13,30
14,34
15,41
19,53
21,64
14,40
16,37
22,71
19,70
10,38
13,47
7,24
11,28
18,56
7,19
9,23
9,32
2,8
21,62
9,30
11,52
6,10
15,48
22,52
11,31
5,14
17,55
22,52
22,122
29,88
20,59
15,52
13,53
16,50
7,21
21,49
10,32
14,44
17,58
12,53
21,55
12,45
15,37
11,38
21,55
8,22
20,56
12,38
13,36
10,33
7,18
14,83
17,52
14,33
15,45
19,63
14,47
9,37
10,40
14,46
7,18
25,59
10,31
16,32
16,50
11,39
23,73
11,31
10,18
14,45
8,31
9,29
22,60
7,21
9,24
10,27
11,44
16,43
14,45
14,53
15,22
12,35
18,35
18,65
18,56
23,72
11,47
13,44
12,33
12,44
8,27
14,36
7,24
15,40
18,58
16,47
22,111
10,33
10,30
17,60
9,24
8,52
14,40
14,41
20,60
14,40
19,45
11,42
17,48
14,49
19,47
10,36
8,38
11,40
22,59
16,65
30,69
19,51
10,27
12,59
7,22
12,49
9,20
15,46
7,31
14,47
10,45
12,34
10,44
12,51
7,28
14,37
11,31
14,52
11,28
9,52
12,41
9,103
11,28
16,57
10,35
15,47
8,34
13,47
14,40
14,45
19,49
27,82
11,27
15,48
8,20
13,44
14,58
10,43
9,30
16,58
20,48
6,15
13,36
18,51
14,39
10,45
15,48
9,33
12,33
15,43
18,57
3,6
14,50
16,55
19,45
6,13
18,61
12,36
10,33
14,54
21,56
9,27
11,43
16,52
10,44
17,45
16,50
12,41
14,46
18,59
16,42
13,63
20,47
22,56
10,41
12,45
16,61
7,32
14,50
9,27
15,88
8,19
7,16
11,29
17,57
12,40
14,49
17,68
9,29
2,4
21,70
18,49
18,38
20,54
16,54
13,64
22,69
24,65
17,63
12,47
9,33
18,58
14,47
11,37
16,54
11,44
9,23
16,37
16,37
12,42
18,56
5,18
9,38
9,22
4,15
7,30
12,45
12,30
20,58
8,26
15,46
16,49
20,56
14,49
14,46
19,86
13,35
12,53
5,29
8,29
12,45
16,42
14,38
5,14
20,49
12,38
10,23
15,57
12,36
21,49
11,43
12,37
11,48
7,25
14,39
12,31
17,59
18,39
7,20
25,72
17,36
18,45
6,15
17,57
7,20
7,19
6,22
9,32
18,58
16,52
13,34
17,43
17,42
13,35
4,10
12,29
14,37
14,46
16,53
8,36
12,44
11,49
9,29
15,35
20,65
10,41
13,41
14,29
16,50
15,44
7,40
9,28
11,32
16,53
9,32
18,48
7,19
6,18
17,59
13,38
4,10
17,59
15,47
7,33
12,30
15,59
24,60
9,39
14,56
17,102
14,36
9,35
15,67
10,23
6,17
13,44
9,22
12,40
11,26
12,35
16,32
21,60
18,59
11,26
18,57
15,50
8,26
19,47
9,32
19,60
18,105
9,20
16,44
17,59
12,50
8,38
7,23
17,41
11,37
12,32
22,64
11,32
11,29
9,31
9,32
14,30
12,52
13,36
16,55
26,120
7,21
14,45
7,17
22,71
13,35
10,34
12,75
17,51
10,23
17,43
11,37
14,48
18,47
8,24
14,53
10,20
17,58
13,36
10,38
8,28
24,60
10,32
7,19
18,38
17,49
13,56
10,29
15,41
17,59
18,48
14,55
14,53
11,38
6,16
12,88
16,50
12,47
6,32
14,48
21,63
11,24
19,59
12,56
14,37
13,39
9,25
8,21
13,45
23,66
15,46
3,7
14,44
20,46
15,58
9,25
18,50
16,53
9,43
9,32
5,17
10,45
10,45
23,84
18,47
16,52
10,33
13,34
15,60
5,19
17,42
23,118
16,45
14,49
9,30
14,35
5,13
19,56
7,20
15,57
10,30
11,37
9,34
21,46
7,26
21,120
13,45
14,39
14,46
14,45
20,52
19,51
20,50
16,46
13,41
7,31
10,27
16,47
9,22
13,47
17,49
13,43
10,28
24,72
12,40
11,31
12,47
13,51
6,28
11,36
8,24
14,57
8,30
6,22
6,17
19,45
11,41
8,20
11,47
13,50
13,42
14,44
14,44
17,67
21,67
14,51
11,39
13,39
12,46
15,56
14,37
21,67
11,38
12,39
22,54
13,27
15,47
11,28
13,40
17,56
16,60
20,60
18,42
13,35
17,49
2,8
13,43
11,33
7,20
19,55
8,27
11,45
13,45
14,34
20,63
11,39
21,66
16,39
10,30
10,35
20,51
18,60
8,27
16,47
13,44
9,33
10,39
15,63
10,26
8,38
10,28
11,44
16,51
9,40
17,53
19,55
16,52
20,50
22,63
14,55
10,40
13,47
16,48
11,27
12,45
12,45
19,57
9,41
11,48
15,42
9,22
10,29
17,55
18,50
13,48
6,18
10,26
16,51
8,19
5,13
14,52
20,104
22,59
7,23
12,39
10,31
11,35
16,47
22,73
12,36
20,62
12,50
14,45
8,28
11,36
12,51
16,39
6,19
6,33
18,50
14,36
17,44
17,107
10,37
11,44
14,47
20,65
28,86
10,40
14,83
8,25
10,40
10,21
12,42
11,46
9,36
20,58
8,26
20,59
9,30
18,59
8,30
19,57
17,51
9,18
9,32
20,63
8,32
12,50
10,35
24,74
17,45
9,28
18,50
15,48
4,6
21,73
14,50
15,56
15,48
12,46
16,36
8,34
15,50
21,67
14,32
10,25
11,37
7,16
8,34
15,45
15,36
10,20
8,29
12,35
15,53
9,30
12,31
13,46
15,37
20,62
14,34
13,32
14,50
20,75
18,38
6,27
4,14
20,56
18,52
16,25
6,17
10,33
12,38
10,46
13,48
16,46
7,21
15,54
8,27
10,34
18,56
20,61
8,24
8,25
9,25
7,23
19,51
14,32
12,33
13,30
10,26
8,39
8,31
12,44
15,46
7,31
5,13
6,14
19,60
11,34
17,49
12,52
9,25
6,16
17,59
14,46
16,70
10,33
10,40
16,44
7,15
20,61
10,42
14,48
19,53
16,61
19,46
9,15
9,36
10,30
12,48
16,56
16,56
14,47
8,24
18,53
17,42
12,39
10,28
11,56
20,45
12,39
8,25
11,30
9,41
6,20
13,35
9,29
14,99
12,42
14,60
10,30
12,28
7,28
11,27
20,42
9,34
19,51
17,49
20,56
11,34
20,61
8,34
22,60
18,44
11,32
9,33
13,41
20,60
16,52
18,63
12,35
15,39
16,52
19,43
12,33
27,74
13,43
5,11
20,57
11,45
20,63
15,45
8,28
11,50
16,56
14,31
17,43
12,53
24,75
9,31
12,32
12,41
7,17
17,72
15,41
7,18
15,53
9,33
13,43
16,46
9,35
20,48
10,35
15,47
10,26
17,54
25,63
13,50
14,45
18,56
5,18
8,27
15,38
20,52
10,25
16,52
20,68
18,41
8,23
9,29
11,37
16,44
12,35
7,24
15,43
18,53
10,38
14,34
10,34
15,35
20,113
15,48
13,107
13,46
10,30
9,22
14,53
12,41
13,50
5,13
12,32
12,33
17,53
12,31
12,48
17,55
18,56
7,31
17,58
20,56
16,45
6,25
5,17
18,66
13,44
14,44
22,64
9,41
12,70
12,48
20,49
18,54
9,35
20,48
22,111
15,48
22,51
13,35
8,21
9,35
11,37
20,68
16,58
27,84
5,19
16,61
17,74
8,22
14,56
14,41
9,40
7,27
7,12
18,49
14,40
6,12
17,43
15,41
15,40
16,46
15,43
12,43
27,65
11,28
14,46
13,30
9,34
17,38
9,20
17,54
14,44
20,68
10,36
11,32
5,13
6,17
11,41
22,51
10,31
22,63
21,62
6,15
8,22
21,104
20,63
17,38
13,95
18,55
11,28
22,57
15,40
17,43
11,32
10,28
13,33
14,43
8,39
9,37
21,74
21,52
16,53
16,49
10,28
8,26
14,44
17,52
12,23
13,35
8,20
18,35
13,54
8,29
13,34
10,28
9,24
15,49
5,13
7,19
10,40
20,61
16,42
17,59
17,75
16,49
10,44
15,49
8,38
4,12
11,28
14,57
12,48
16,39
10,27
24,62
12,33
5,13
7,33
16,42
13,47
19,62
6,28
14,46
14,57
21,66
16,53
15,63
10,25
22,55
11,28
20,51
17,42
13,38
19,55
12,33
11,31
15,41
6,16
16,52
16,54
13,47
9,35
15,53
13,45
16,47
11,68
12,39
14,41
13,47
15,42
11,44
22,68
10,42
15,36
10,20
12,36
3,8
19,59
6,16
10,35
26,70
2,5
15,39
20,73
13,47
4,23
21,52
18,48
9,39
9,33
14,48
24,106
18,61
13,39
8,37
15,40
7,24
16,41
14,47
9,42
11,39
10,43
19,67
7,41
9,35
7,23
20,48
6,22
11,29
5,19
15,38
6,24
9,35
12,30
15,44
10,33
9,30
16,52
13,47
13,50
14,50
14,43
18,64
12,37
17,49
15,41
10,28
7,36
15,59
10,29
17,46
9,22
12,34
8,30
9,25
29,80
16,53
14,34
10,43
10,29
10,43
16,47
10,33
11,27
21,58
15,39
11,42
9,23
17,59
15,43
13,45
8,34
22,67
20,63
10,28
10,27
21,62
11,34
21,108
14,39
8,19
8,30
4,10
13,64
7,23
18,70
10,34
7,22
22,71
13,45
13,47
15,49
14,53
9,28
11,30
15,56
11,44
16,50
23,84
19,51
12,46
10,33
18,50
9,23
22,53
13,34
16,32
10,45
9,43
18,57
23,71
9,19
19,46
21,49
14,45
19,49
12,27
14,45
18,51
11,50
14,48
10,40
14,34
10,37
10,28
8,27
11,49
17,60
15,47
14,183
2,4
20,50
13,30
16,52
7,24
13,45
18,94
8,34
17,102
12,24
25,63
14,46
15,56
9,33
10,28
12,42
15,47
17,59
8,38
6,11
13,38
8,30
9,34
11,31
11,41
10,41
16,47
19,57
6,22
14,50
6,25
17,55
15,34
16,48
12,44
10,26
10,33
15,50
15,45
19,61
19,67
13,45
16,50
11,31
4,8
12,46
11,32
19,45
18,58
14,54
23,114
11,35
9,25
10,41
9,31
5,7
8,38
13,44
18,60
7,26
22,56
14,40
22,60
10,39
14,49
6,19
18,60
12,41
3,8
19,52
17,49
18,54
20,56
12,32
20,63
12,49
15,42
23,67
14,40
18,58
6,28
15,64
11,36
6,24
19,52
10,29
22,73
8,32
8,28
9,26
9,27
16,43
23,72
13,49
17,52
10,27
19,49
7,19
11,39
13,40
16,48
6,17
21,61
9,17
26,69
13,48
16,43
14,35
7,37
11,40
10,47
15,47
12,35
26,69
9,35
10,39
8,24
19,61
13,41
15,53
11,75
12,36
12,41
19,60
10,48
18,52
5,15
11,28
19,52
6,15
25,70
5,13
10,26
22,81
9,25
9,40
7,27
10,30
14,34
8,34
13,46
15,49
8,35
28,86
18,105
12,36
14,42
18,48
20,65
13,53
18,57
9,20
9,34
9,33
16,55
7,23
7,21
12,31
11,38
10,33
24,60
23,58
15,43
23,61
10,25
20,72
13,39
21,68
13,46
5,13
16,50
10,36
12,46
13,38
16,48
18,45
18,54
13,52
25,89
12,42
16,52
14,44
22,59
16,38
13,46
16,31
6,21
11,35
9,28
13,33
13,42
14,51
19,48
13,40
11,29
6,52
27,68
14,58
15,54
24,83
11,29
11,42
15,57
16,47
21,70
16,46
11,46
21,54
15,55
4,10
9,33
17,47
15,67
12,46
20,56
4,15
4,10
11,27
8,31
7,27
12,44
14,40
16,51
18,45
14,39
18,57
14,36
11,43
16,39
19,39
22,55
18,43
8,26
15,56
17,98
15,45
13,33
14,49
12,46
15,43
17,44
9,23
17,45
12,38
16,44
17,48
4,18
6,33
16,46
15,53
9,43
19,55
8,27
14,48
9,32
16,44
18,105
9,35
12,38
12,62
9,24
3,10
4,12
17,38
6,13
6,17
12,46
13,37
7,23
15,54
19,55
7,16
13,47
11,33
2,19
11,27
13,39
16,48
13,49
28,71
6,20
12,36
21,62
8,29
10,33
7,19
13,57
15,49
15,59
6,23
15,52
9,42
19,57
20,63
7,24
20,60
9,27
11,40
16,57
15,34
14,37
18,43
10,34
14,48
14,45
12,28
19,58
17,51
13,57
14,41
14,40
11,31
18,51
11,35
8,27
5,13
22,65
5,12
3,9
20,62
13,35
17,104
7,29
6,28
10,32
15,46
8,23
14,74
8,23
7,19
10,25
4,8
11,40
16,58
23,59
11,34
11,31
16,55
11,52
14,52
19,65
9,26
11,25
13,44
5,15
15,55
18,56
13,41
12,32
11,33
10,28
8,21
18,51
10,30
14,52
14,94
9,29
14,50
16,55
5,11
22,69
15,44
13,36
13,30
6,22
12,39
5,11
3,7
5,12
10,42
15,41
13,44
13,48
12,51
7,24
9,22
7,20
8,26
12,37
20,56
10,34
9,21
10,40
14,54
11,35
11,41
12,38
19,52
8,39
11,36
12,42
12,36
11,39
17,101
15,34
9,30
15,37
15,42
22,53
14,36
9,29
13,45
14,40
12,42
18,54
17,66
14,41
13,50
15,40
13,109
21,56
18,44
16,53
8,34
14,42
13,35
9,42
17,50
21,55
19,58
9,27
12,48
14,47
7,20
13,33
13,39
14,50
9,37
31,131
14,63
12,43
17,77
8,38
12,44
15,33
9,33
14,39
10,20
17,38
18,63
15,45
15,51
16,54
17,51
9,30
10,33
12,36
12,30
16,51
20,105
19,51
13,47
13,45
21,118
13,36
10,37
16,47
23,56
19,58
18,106
5,14
16,48
15,28
14,60
9,23
10,44
19,43
8,28
21,52
7,28
7,34
13,35
21,63
14,28
12,46
12,44
16,39
15,45
15,50
5,13
10,23
19,47
10,29
13,36
14,46
10,28
10,32
12,46
11,29
9,37
12,42
12,55
18,105
12,35
14,47
9,34
14,41
15,39
22,59
16,55
18,54
12,52
15,42
12,36
11,40
10,24
10,35
12,38
4,29
19,61
12,44
16,58
16,57
18,46
19,43
19,50
12,42
2,4
17,55
12,36
17,51
17,50
21,62
15,56
19,66
18,56
16,36
11,47
10,43
12,50
14,48
11,66
15,54
11,38
13,43
11,39
11,29
20,77
17,45
12,48
12,38
9,42
5,17
15,55
11,33
15,50
22,63
12,46
14,50
11,40
14,45
12,34
13,41
16,45
18,59
11,31
14,50
15,44
9,23
12,43
13,39
17,45
15,37
6,23
12,46
11,33
9,31
10,23
14,46
15,55
10,25
19,55
20,49
7,16
12,31
14,52
14,29
21,56
10,43
9,34
11,44
19,53
10,34
14,49
14,36
6,17
15,52
11,49
14,46
15,38
10,29
16,59
21,63
14,83
5,14
24,106
13,47
10,33
20,62
9,33
12,32
13,39
13,41
18,39
10,26
16,39
17,39
12,35
8,30
6,19
15,43
5,13
14,37
13,33
9,24
14,70
17,55
14,41
16,55
9,25
6,19
8,26
16,46
21,56
12,31
12,31
16,53
21,51
11,43
7,19
6,16
10,45
16,49
13,39
15,35
12,40
14,57
12,34
9,21
20,49
15,54
11,40
19,49
12,37
13,31
20,70
16,52
17,52
13,52
19,57
13,13
16,52
18,67
5,44
15,55
12,42
9,20
22,64
15,55
10,29
15,40
11,39
21,120
11,24
9,33
7,75
23,114
17,107
12,25
18,53
19,67
14,46
25,60
17,55
15,40
12,49
13,39
7,27
10,37
16,31
13,39
12,36
15,51
7,19
19,63
11,32
20,60
7,31
22,73
15,39
5,31
11,30
9,32
11,32
26,111
8,44
4,14
10,48
16,51
16,54
12,39
11,33
10,40
12,38
8,21
17,60
16,41
11,27
15,46
19,49
18,58
12,28
13,35
15,37
14,49
9,41
14,41
20,69
11,38
14,41
28,94
25,116
10,40
10,34
13,48
10,41
10,44
20,44
18,47
14,48
19,43
4,8
18,50
7,20
12,36
14,66
13,45
8,38
17,56
10,43
29,87
13,53
15,28
24,63
17,80
20,104
12,44
11,32
9,35
18,38
7,21
12,44
11,41
10,33
8,29
21,58
12,50
11,42
7,24
19,55
22,53
4,12
15,48
20,63
11,30
21,69
13,36
18,51
9,24
9,19
14,40
18,52
12,48
9,34
7,34
20,61
16,37
24,75
11,31
13,81
16,46
10,144
26,59
10,39
20,63
14,42
5,22
3,6
14,44
12,40
7,21
14,36
10,28
23,64
24,79
12,33
25,83
14,38
16,52
19,106
17,108
15,41
9,24
9,22
15,44
18,49
21,72
15,67
17,41
8,32
17,73
11,31
14,44
6,21
18,58
16,58
11,34
9,35
13,44
19,45
15,77
7,53
12,41
20,63
13,41
11,33
12,31
13,50
12,42
10,30
22,56
13,43
9,33
22,69
12,46
19,63
10,36
12,44
17,50
9,36
6,30
16,100
12,41
13,51
20,65
25,66
12,34
12,40
10,28
16,47
8,24
12,34
16,32
12,31
5,14
8,26
20,42
9,24
18,42
11,31
7,31
9,35
15,49
13,49
12,31
12,33
5,12
11,34
11,44
17,58
17,64
19,53
12,30
12,41
15,44
22,115
15,44
16,48
10,40
13,35
13,37
10,36
15,40
9,35
13,30
18,66
7,19
3,8
12,54
6,47
18,67
20,51
13,40
19,70
12,60
13,39
23,70
15,52
14,56
15,48
14,43
5,22
10,33
17,38
20,61
8,74
7,22
15,66
12,27
11,38
15,73
9,22
11,37
8,37
16,46
21,78
16,50
11,40
10,25
18,53
14,53
16,41
7,23
10,41
8,41
9,30
15,38
5,33
13,46
15,51
19,49
12,29
12,62
13,46
10,25
18,47
16,45
11,27
13,46
14,37
20,59
13,45
20,62
17,65
11,43
14,52
9,25
6,22
20,52
10,37
16,62
10,27
8,23
11,35
14,35
19,56
26,70
12,42
23,63
20,52
8,31
9,45
11,28
18,62
22,72
10,33
6,21
18,49
11,33
23,78
10,32
14,52
16,55
18,49
16,44
9,19
13,35
8,34
6,16
16,59
13,48
18,50
13,57
14,50
21,65
18,59
17,35
23,113
15,40
12,41
18,52
11,46
9,41
14,46
9,33
21,58
15,38
12,32
15,54
12,37
15,51
19,57
7,19
16,42
9,34
7,23
17,44
17,53
11,36
7,22
8,30
12,49
17,61
15,40
12,35
19,52
13,32
18,58
14,38
9,45
9,33
9,37
13,33
14,36
11,28
21,53
16,58
11,39
9,29
7,20
14,42
16,52
21,67
13,35
5,15
29,67
7,34
15,44
11,38
13,56
14,52
8,33
11,34
8,38
8,25
12,50
12,44
10,30
15,56
12,36
13,40
11,53
19,47
15,46
8,17
20,61
14,44
9,34
7,23
10,32
11,35
12,31
12,32
13,40
15,33
13,71
13,49
11,42
9,22
8,30
14,44
15,45
9,22
16,40
3,9
7,24
8,26
6,20
15,50
10,23
20,52
19,47
13,40
22,57
17,64
14,37
21,58
15,53
15,35
17,46
16,38
9,25
12,44
16,46
17,61
19,60
8,17
7,101
4,38
24,60
13,43
10,39
22,70
9,19
9,21
13,34
14,34
22,55
16,58
8,26
9,27
9,43
18,63
16,48
9,60
8,17
10,31
10,35
17,53
11,24
13,38
18,51
14,41
14,47
12,39
15,37
13,39
15,77
25,79
10,43
9,22
22,66
11,53
10,28
12,35
15,48
13,44
16,44
14,36
22,68
15,72
6,21
14,40
5,14
13,44
14,49
9,21
8,36
9,23
6,64
9,36
13,35
25,73
32,98
13,31
7,27
15,39
18,42
16,39
8,41
13,36
9,32
12,36
9,20
19,58
10,23
16,37
11,48
19,57
2,4
13,45
21,68
18,49
14,52
17,57
12,45
11,30
23,48
12,34
9,23
11,33
16,43
10,63
8,25
15,76
17,48
8,20
19,57
11,33
14,57
15,52
8,29
6,20
13,31
15,38
14,43
21,55
7,21
11,27
22,68
11,27
12,44
14,40
21,66
6,15
13,45
11,93
9,33
14,48
13,53
24,58
7,26
16,46
11,40
14,44
21,69
5,17
12,34
11,31
10,44
5,19
10,35
11,28
18,74
8,66
18,57
13,44
14,46
16,38
17,51
9,33
4,11
15,41
16,55
17,49
12,38
14,45
9,36
12,50
12,36
7,25
22,111
13,40
7,19
20,62
11,69
19,48
9,32
13,39
8,38
18,76
15,36
14,47
12,43
18,52
5,11
12,36
10,43
5,13
12,97
7,15
6,26
14,54
6,19
13,41
12,44
18,61
11,30
16,82
5,25
3,9
31,69
12,47
20,60
16,56
11,38
6,18
23,55
6,14
9,36
13,37
9,32
14,44
9,47
14,52
12,41
22,56
9,44
14,38
13,49
16,50
24,82
11,42
9,25
14,37
9,20
12,52
10,26
9,31
17,50
14,43
16,52
9,40
11,43
6,20
11,41
13,38
11,39
21,73
14,37
9,33
15,56
7,18
17,55
16,61
10,43
7,15
12,36
18,42
8,30
17,44
15,45
19,73
17,54
21,60
17,56
16,58
10,32
23,65
18,58
16,54
15,35
11,44
10,34
14,40
16,51
12,35
6,23
13,60
15,38
10,33
11,34
17,48
19,47
5,11
17,45
13,75
17,45
15,55
12,25
15,46
5,28
15,41
7,19
22,60
20,50
20,61
6,15
12,33
12,48
11,33
16,40
13,46
12,41
12,45
14,47
12,41
12,37
24,77
22,65
19,61
11,30
11,38
8,29
20,49
12,29
22,52
17,61
12,38
16,52
15,50
14,57
15,42
15,46
15,60
9,59
12,31
13,42
13,36
23,71
11,29
9,22
15,53
15,41
22,52
19,59
9,32
9,25
8,23
10,43
10,37
11,37
11,28
11,44
14,53
10,40
16,52
9,22
19,107
10,30
17,66
9,36
11,29
9,30
15,35
14,55
9,21
18,50
13,97
13,39
16,45
20,65
20,50
22,53
11,52
16,52
23,70
13,35
6,17
14,44
13,39
20,55
16,38
9,36
15,32
22,124
12,30
11,33
6,20
19,55
14,48
6,16
8,34
16,47
7,24
13,34
11,37
15,50
24,60
15,39
5,21
14,55
25,70
17,45
16,58
18,57
8,30
7,24
12,39
8,23
11,39
18,58
16,63
11,37
13,40
17,62
13,47
11,28
2,6
9,34
13,39
4,22
15,51
16,43
11,41
12,49
10,30
19,82
7,27
17,38
11,34
11,39
26,72
9,36
23,75
8,38
11,36
9,34
17,56
11,29
12,54
11,31
23,67
18,81
10,38
22,56
22,52
19,60
15,52
10,28
10,34
19,68
17,50
9,38
10,32
9,28
14,50
11,29
12,34
15,54
7,26
9,29
12,57
15,49
16,39
9,40
16,61
10,33
3,13
4,10
25,64
25,73
15,56
12,39
8,22
12,37
16,45
16,60
22,71
19,62
10,39
15,59
8,36
13,46
13,34
11,40
8,38
18,60
13,46
10,31
9,32
22,68
12,43
12,42
16,36
21,49
7,22
22,58
20,65
19,48
9,36
14,34
15,40
14,35
16,47
17,44
15,35
15,76
9,30
18,52
19,59
12,55
2,4
8,22
10,23
10,39
20,42
21,56
20,72
6,15
24,121
6,17
14,45
16,58
11,36
10,41
11,39
11,27
11,27
13,38
14,42
22,52
19,55
14,28
11,69
6,10
8,26
7,32
9,27
4,10
16,49
14,52
16,49
20,66
10,28
16,44
28,117
18,58
13,51
17,59
9,27
21,67
6,17
7,25
13,49
11,43
12,33
14,46
11,44
10,32
4,18
11,34
13,49
11,31
12,47
18,47
10,26
8,30
14,44
22,71
20,58
20,52
20,60
23,60
15,39
15,45
19,60
19,52
13,42
10,32
14,43
15,56
23,70
7,23
11,44
12,42
6,13
14,59
21,66
18,58
21,54
7,17
19,50
13,27
11,44
8,33
21,60
16,53
10,25
17,56
12,33
17,51
7,21
14,37
9,43
6,15
18,50
17,40
18,43
15,60
22,68
13,26
20,46
15,56
17,60
13,34
7,23
8,41
11,39
14,43
18,52
11,41
4,12
2,8
5,17
17,54
20,60
3,10
14,39
26,63
12,37
9,42
22,121
23,121
15,37
19,48
13,54
15,45
9,36
9,21
20,63
19,50
13,35
11,141
13,48
15,40
8,28
12,34
12,44
12,50
13,51
20,65
12,46
14,57
5,18
18,61
9,24
8,23
21,63
5,15
10,44
12,44
16,56
22,117
11,36
14,38
6,20
10,40
11,25
8,35
7,24
14,54
20,61
17,43
10,35
23,61
12,43
11,41
17,45
6,16
17,40
14,31
25,70
22,49
18,104
9,34
8,19
16,47
17,58
19,49
22,65
14,26
20,49
20,57
14,52
14,35
10,28
20,65
24,68
10,38
11,36
10,34
12,40
30,87
19,52
11,46
11,43
11,49
6,24
8,28
20,63
9,36
15,44
26,60
19,51
8,35
19,56
10,25
15,48
16,45
5,14
8,30
12,35
16,42
11,44
20,50
11,30
13,39
16,55
11,38
10,30
9,36
14,52
10,28
17,73
8,22
9,27
11,53
22,51
18,42
14,48
12,41
15,45
13,33
20,113
14,37
4,9
8,19
15,49
15,32
10,35
14,57
13,53
5,15
9,21
19,61
14,56
17,51
6,24
9,28
10,39
19,52
23,61
14,55
10,30
20,62
22,65
8,36
6,17
9,35
13,45
9,24
12,34
14,47
8,34
9,35
12,31
9,28
17,47
11,27
18,57
10,29
12,45
15,50
12,42
12,36
12,53
6,28
11,35
12,42
15,46
6,33
12,45
11,29
16,66
6,20
14,35
11,31
8,33
8,28
20,68
12,43
13,46
13,47
17,44
5,11
17,67
16,45
18,52
16,53
12,35
12,36
14,51
8,22
9,31
17,38
21,51
2,4
13,53
10,32
6,24
12,35
14,99
15,49
11,34
11,37
15,41
20,47
5,15
15,54
10,32
10,33
17,38
13,42
16,57
12,39
14,47
17,62
11,26
12,35
7,22
16,41
17,67
16,42
18,42
15,28
13,36
5,13
7,24
17,44
19,57
16,49
7,21
9,22
17,61
20,144
15,61
15,40
18,58
15,70
9,35
6,22
19,55
15,61
10,43
20,65
7,22
15,38
12,56
14,46
16,42
17,45
22,49
18,105
13,51
24,108
14,45
9,24
14,53
10,38
8,26
13,44
7,33
6,16
15,52
6,20
12,40
8,18
17,46
3,6
15,35
21,69
13,31
9,30
6,16
15,43
11,29
18,57
17,58
12,47
19,61
14,40
16,53
9,21
12,52
15,43
13,49
19,56
2,6
9,28
13,49
20,61
7,24
17,38
13,35
13,44
18,51
14,53
11,36
9,24
14,46
6,12
10,45
13,35
12,45
13,32
8,27
10,43
14,57
18,50
20,58
20,52
21,61
6,22
15,36
13,47
8,24
15,47
22,60
22,63
12,47
14,31
13,43
8,38
7,29
17,90
16,38
10,32
9,26
18,67
15,39
6,20
14,48
24,59
13,47
13,43
15,41
16,45
20,61
14,44
8,30
24,69
24,68
6,20
14,71
9,23
16,54
7,53
14,47
14,47
12,32
7,22
21,67
7,16
6,16
15,45
10,35
15,45
22,53
7,21
4,10
16,59
12,46
9,23
12,40
12,79
11,38
19,55
14,54
15,42
16,49
19,43
11,43
20,55
5,14
10,28
9,33
17,47
4,11
7,25
18,47
8,31
11,30
11,20
8,18
16,24
11,29
14,43
19,52
18,38
14,24
10,28
12,41
10,36
21,72
20,51
23,67
9,31
13,42
13,49
9,68
8,30
11,27
14,37
12,47
15,53
11,36
30,92
23,60
22,57
21,43
22,51
17,50
8,29
18,39
24,68
12,50
11,37
15,98
11,40
13,51
11,36
12,50
28,78
12,48
19,47
14,36
11,50
10,48
7,28
4,22
16,93
14,49
17,60
13,34
6,21
7,16
6,16
19,55
20,54
10,30
17,69
11,31
8,30
16,50
14,44
7,23
22,72
12,39
9,43
13,33
9,35
7,27
15,49
24,56
14,44
15,54
12,30
12,32
10,38
10,27
19,50
12,36
21,62
9,23
17,92
14,34
8,22
10,34
13,35
13,30
8,28
19,52
19,48
8,34
23,57
10,47
11,32
16,40
16,38
23,56
10,172
20,65
21,58
14,28
14,46
14,42
21,59
11,44
10,35
9,18
15,44
9,35
5,14
14,50
17,53
14,62
14,50
11,49
13,35
10,38
8,20
20,107
18,74
14,47
12,38
16,59
18,57
7,21
13,42
5,10
16,42
10,38
11,28
12,48
16,54
7,22
20,61
11,34
18,41
11,41
22,63
17,107
12,35
13,44
12,46
8,23
11,27
10,18
11,38
13,56
14,39
9,22
19,66
5,13
20,55
20,64
15,40
7,33
30,92
22,69
9,28
5,18
13,44
6,15
9,34
14,47
6,19
18,56
14,35
6,23
32,96
15,57
3,33
11,27
18,48
14,41
11,33
18,47
13,39
19,47
10,29
9,24
14,54
9,29
21,110
12,41
9,39
3,9
9,24
4,16
6,24
15,46
12,52
8,42
14,35
15,54
13,46
17,58
9,24
16,55
14,36
11,31
20,61
9,47
9,22
12,39
16,51
14,36
8,41
11,41
25,73
13,38
14,56
11,38
8,42
8,17
9,22
16,52
8,28
16,60
20,55
11,48
19,57
10,40
9,24
9,36
10,28
13,33
18,49
17,49
17,38
14,63
21,66
12,47
9,36
12,33
22,53
12,32
13,35
15,46
27,118
14,40
15,47
10,29
17,44
16,38
13,46
12,29
11,38
12,48
12,39
9,39
10,34
20,67
12,42
10,25
14,48
21,60
12,43
14,41
9,33
15,22
12,53
3,6
20,62
17,41
13,43
15,49
18,52
12,39
13,45
11,37
22,59
13,39
23,72
15,53
10,26
13,41
24,60
6,23
20,53
9,29
16,46
10,40
15,38
19,105
14,39
11,43
13,45
8,32
7,101
11,27
15,54
8,25
23,56
20,56
17,45
5,34
10,44
8,22
17,45
7,28
11,48
13,53
16,38
17,55
12,34
7,20
22,49
12,42
11,29
18,55
12,31
8,28
13,32
16,54
14,42
21,81
10,31
2,6
16,48
11,38
15,42
10,36
8,22
11,43
4,10
8,36
24,64
15,44
8,24
11,35
14,52
15,38
4,11
19,59
11,22
9,36
16,54
23,58
18,55
10,35
12,40
14,97
12,30
4,14
7,21
11,33
5,14
12,31
7,16
10,41
17,58
8,26
20,54
10,38
12,99
15,41
10,29
13,31
9,24
15,55
18,79
12,42
10,42
12,37
11,46
12,39
8,28
24,64
10,23
17,55
10,36
10,44
22,73
11,37
9,29
12,42
16,84
14,50
12,46
15,49
15,41
9,28
12,36
9,34
16,78
15,56
12,33
20,62
13,37
12,44
16,43
21,67
12,79
10,44
8,22
13,39
15,52
10,24
14,38
14,39
14,45
23,69
11,29
18,48
11,38
19,93
5,14
16,41
22,61
14,40
19,47
14,42
9,30
11,34
13,43
13,39
12,44
4,22
4,18
17,41
14,45
14,43
17,43
12,41
11,23
10,90
11,48
13,34
13,59
10,41
24,115
13,47
16,52
14,44
7,25
20,64
24,60
15,27
5,57
12,90
13,36
12,48
10,46
15,48
19,50
16,72
9,28
13,37
14,27
18,61
19,45
8,28
13,51
14,39
14,49
10,40
12,34
17,41
18,42
8,28
19,47
19,48
13,45
11,40
9,31
13,47
10,78
8,20
6,32
15,53
14,55
5,14
17,53
14,37
19,47
21,63
15,38
15,39
9,41
9,43
17,51
6,15
19,61
16,49
12,32
15,52
17,62
13,44
10,45
12,40
15,52
22,56
14,44
17,45
22,54
16,55
14,54
18,54
13,56
11,42
9,44
8,42
9,27
24,69
18,44
14,43
12,41
14,32
14,55
19,88
12,37
10,45
9,22
21,69
16,48
13,53
20,51
24,75
7,27
13,43
18,49
9,32
9,16
7,38
13,38
19,71
7,31
16,49
11,31
10,46
19,55
18,45
20,60
10,41
14,48
17,55
14,39
7,22
18,105
6,23
12,48
22,55
17,43
15,50
18,60
11,33
12,30
15,39
13,156
19,58
11,34
18,57
11,44
13,44
22,65
12,32
15,36
6,12
20,60
16,40
12,34
11,38
11,37
8,29
17,48
15,39
10,40
20,57
18,45
14,49
11,25
12,44
5,19
14,56
11,41
8,21
19,55
7,15
12,28
9,37
14,34
7,19
14,54
8,24
10,40
18,36
8,31
14,34
12,42
10,26
22,65
7,15
12,51
15,40
4,14
14,33
20,63
8,37
14,37
13,42
11,27
11,33
17,52
11,31
14,50
12,48
19,48
13,48
19,57
19,66
13,48
12,46
17,52
16,57
20,65
4,11
11,36
14,42
24,62
22,57
16,41
14,42
20,65
22,65
21,63
14,34
16,51
20,109
11,26
7,25
15,48
12,35
17,108
13,51
8,24
12,41
12,34
11,23
12,32
16,58
7,30
15,38
12,35
8,37
7,16
8,26
12,43
22,63
13,51
8,27
13,39
15,52
6,24
10,96
16,50
22,56
12,34
17,50
21,50
22,57
16,63
16,58
11,35
17,55
13,37
23,74
15,57
7,27
20,42
13,35
7,24
5,14
14,55
7,22
9,30
13,64
7,23
5,15
12,26
14,44
14,48
20,104
6,17
13,38
13,55
11,37
18,52
10,26
15,43
17,62
8,37
10,30
10,26
13,50
10,28
12,41
9,30
12,46
21,69
20,47
6,22
16,42
5,14
15,44
20,62
9,26
23,51
7,26
13,43
10,30
8,28
13,38
12,32
9,33
13,50
7,15
10,41
9,42
20,53
19,49
20,81
12,34
8,25
2,4
17,53
9,41
12,53
8,39
10,36
14,62
20,47
14,37
14,49
15,36
15,39
18,61
15,41
11,37
11,43
14,41
9,34
8,28
17,52
11,44
8,39
9,26
10,38
16,47
12,47
14,38
5,13
14,41
15,51
12,45
22,53
18,49
14,80
7,22
15,47
7,41
13,44
19,52
20,105
19,57
7,25
20,110
6,30
10,31
15,48
21,108
15,63
19,61
11,32
11,41
9,35
12,41
22,111
15,39
6,42
4,10
19,55
15,65
13,40
19,61
12,82
28,76
11,45
17,53
11,45
25,119
4,10
13,35
17,50
5,16
17,41
12,33
14,39
12,50
15,49
21,61
8,34
13,42
9,22
12,44
12,36
11,52
15,55
12,44
13,53
15,39
9,26
12,42
14,49
16,28
11,28
7,24
5,13
11,46
6,22
8,25
5,24
19,55
8,34
19,47
11,22
14,40
12,42
9,34
5,13
13,42
20,53
15,44
13,48
8,29
13,47
14,67
19,52
10,50
7,21
9,68
20,64
7,28
10,40
22,63
11,56
9,27
10,28
5,14
4,39
14,54
10,43
11,33
7,18
8,37
14,58
15,50
20,49
12,124
7,27
11,29
14,34
6,28
14,44
5,15
16,44
24,63
9,39
15,37
14,52
10,33
9,20
19,46
12,22
11,29
22,69
14,53
14,39
19,64
14,44
12,43
17,46
10,33
12,32
18,57
13,30
8,21
14,40
14,48
14,48
17,53
14,53
18,44
8,33
9,23
21,52
25,64
10,49
8,21
8,23
13,29
10,29
19,67
22,57
19,52
14,32
18,58
15,58
8,23
15,45
4,10
20,58
20,51
11,29
9,33
16,39
13,45
15,48
20,59
19,54
14,37
15,56
11,38
10,36
11,34
14,41
11,30
12,43
11,37
17,61
11,37
21,69
10,33
19,46
18,51
13,39
10,28
16,51
11,36
13,44
18,50
15,40
16,51
25,78
17,41
15,60
20,51
8,32
19,67
12,44
13,40
16,50
8,30
3,5
12,41
9,23
10,22
9,23
8,37
14,45
15,40
9,38
21,62
24,72
5,11
12,24
14,55
7,22
7,29
12,31
7,22
10,36
10,28
14,38
15,48
12,31
14,52
16,47
7,24
15,38
20,60
11,46
12,41
18,61
18,51
16,47
10,33
15,56
25,63
3,11
12,41
12,38
17,54
11,35
22,73
16,55
5,51
7,18
20,52
13,45
16,43
10,41
20,68
11,38
8,24
13,54
20,109
16,49
8,30
11,48
9,27
8,37
25,63
17,49
15,36
12,44
12,41
8,34
10,34
15,49
12,37
21,67
9,37
19,55
18,39
14,49
8,32
13,45
17,33
19,52
18,48
15,53
16,54
18,63
9,21
9,11
12,28
15,41
19,58
22,67
21,55
27,63
17,98
6,20
11,28
13,36
11,42
9,25
12,47
9,34
20,109
6,12
12,34
14,50
12,44
15,50
13,45
12,42
10,38
17,108
13,47
18,58
28,82
9,38
6,18
11,46
12,49
10,26
14,62
9,25
17,71
9,33
21,63
18,46
8,32
9,22
10,39
17,58
10,41
19,61
11,31
12,37
12,46
9,19
14,27
8,28
13,43
12,46
7,32
9,25
6,24
16,52
11,36
13,47
18,49
24,69
17,48
16,51
10,46
16,28
14,66
12,37
13,36
13,43
12,50
15,53
9,31
16,42
19,42
14,47
13,35
13,47
13,29
11,44
15,50
8,24
12,73
13,49
12,45
14,54
14,37
18,106
17,54
12,32
5,13
27,82
16,57
15,45
26,114
15,52
11,32
12,30
13,47
15,38
23,61
8,20
12,37
13,34
19,58
15,60
13,42
12,42
21,71
14,44
10,32
10,38
19,81
11,30
10,30
12,58
17,43
19,55
18,42
11,33
12,31
22,54
20,62
9,33
4,12
20,62
10,30
7,21
15,43
20,52
15,37
10,40
10,22
16,40
15,55
15,58
14,32
5,9
10,48
11,51
19,54
12,40
15,44
15,58
14,46
9,25
10,31
9,36
12,25
10,36
20,53
16,62
10,25
24,61
13,46
21,66
15,70
5,23
13,51
15,54
16,55
14,46
22,56
16,58
18,55
10,30
7,19
5,13
14,46
24,69
21,62
15,46
8,42
16,41
15,36
8,28
12,27
22,50
9,27
12,29
13,44
12,36
12,32
11,34
16,35
22,71
9,28
5,13
10,26
8,21
11,34
18,57
10,29
15,28
16,51
14,41
17,63
9,41
13,27
4,16
12,37
7,36
20,51
17,49
7,21
13,46
16,50
16,51
12,45
6,33
16,55
17,56
13,46
10,38
9,40
10,44
11,40
15,51
17,53
5,18
7,16
15,46
22,52
12,42
12,24
18,56
20,66
11,49
21,64
13,35
22,32
17,51
6,21
13,40
14,44
10,28
9,22
4,12
9,24
10,38
11,33
17,50
9,23
19,65
9,54
11,31
6,19
21,53
11,47
14,56
12,38
19,60
13,68
13,52
21,61
15,58
11,29
4,10
12,30
14,46
20,51
12,27
14,38
11,75
6,19
12,48
16,43
15,59
10,25
6,16
10,44
13,47
8,30
9,22
8,30
16,86
15,57
14,41
7,19
13,46
13,34
17,50
15,43
12,29
12,48
11,33
16,43
18,105
11,42
21,50
3,7
11,31
5,27
7,22
9,29
14,38
19,52
8,30
22,64
24,66
16,42
15,44
13,34
7,40
11,33
15,47
12,37
14,43
9,23
10,43
8,34
6,16
10,29
9,30
15,42
21,51
19,42
13,41
16,52
18,58
10,34
19,55
11,35
19,51
10,40
10,32
11,30
10,28
20,51
5,14
21,56
8,32
9,25
20,53
10,36
19,47
13,32
9,31
10,22
10,142
18,53
19,52
21,59
11,30
13,32
19,60
24,73
12,35
11,44
6,22
20,58
18,58
10,30
20,51
14,79
14,51
12,44
22,71
12,46
10,32
10,28
14,54
23,52
18,54
5,9
4,12
7,24
12,52
14,50
7,22
24,70
7,15
16,47
4,10
11,43
12,39
6,22
20,48
18,50
15,86
18,42
7,11
14,48
12,32
15,41
14,59
14,46
7,19
12,30
8,38
23,57
23,59
18,64
13,38
21,100
17,44
27,83
22,55
12,40
5,19
14,52
9,31
13,44
10,29
13,34
11,24
10,34
6,24
12,30
12,44
20,66
29,86
21,53
11,33
20,65
22,75
12,45
16,54
12,34
15,51
12,46
14,42
13,47
9,22
11,25
2,6
5,12
8,23
9,21
12,47
12,40
8,29
11,100
14,55
14,45
10,42
21,62
16,62
13,49
10,40
11,48
16,41
15,43
7,21
16,76
4,10
13,39
14,49
21,62
15,44
7,23
8,38
15,35
22,51
14,47
12,44
9,29
14,44
11,39
14,40
6,100
14,52
4,13
16,54
17,47
16,44
17,60
17,39
17,59
9,40
14,41
12,54
23,56
13,45
9,26
12,38
12,54
9,35
14,45
18,56
22,67
21,49
16,53
14,38
19,56
7,20
10,40
21,55
16,46
4,22
9,35
15,44
15,42
9,20
18,49
13,34
14,81
5,11
13,30
7,25
7,34
7,31
14,45
10,26
10,44
13,40
9,21
13,50
12,30
10,30
5,17
12,32
14,50
19,64
15,43
6,14
9,29
19,48
8,32
22,56
15,52
21,69
17,41
14,39
16,47
13,49
6,29
13,52
18,38
19,62
15,45
12,43
14,45
20,62
7,28
5,13
13,62
27,77
19,52
15,42
16,44
14,44
11,43
8,26
8,28
7,15
10,24
11,28
17,51
12,32
15,40
5,15
12,42
12,170
13,43
10,38
12,42
16,52
5,34
10,25
11,29
15,51
4,19
20,65
15,47
14,47
3,14
12,62
20,61
13,30
12,44
11,33
19,49
25,66
25,75
10,42
6,17
12,41
18,50
8,38
9,32
9,30
14,42
12,39
18,46
9,35
9,36
14,48
18,51
15,44
14,45
8,21
22,48
18,41
16,50
11,31
13,36
23,67
7,20
21,118
13,46
12,46
12,60
12,46
14,47
14,50
12,40
17,44
8,29
20,47
7,37
11,41
19,66
16,49
18,43
9,26
13,41
6,72
18,53
10,46
7,27
14,54
14,50
7,22
21,41
21,61
22,36
13,54
15,44
10,117
9,25
5,17
12,96
16,39
11,30
12,47
12,30
12,79
20,56
18,44
11,51
20,53
7,20
12,48
21,104
23,58
17,50
8,30
9,24
27,78
8,32
20,82
25,62
10,33
9,36
19,64
16,44
11,27
4,12
7,21
17,51
14,55
5,19
9,25
13,44
15,48
7,17
4,10
20,54
16,47
13,52
15,38
16,79
16,42
3,12
11,39
9,20
19,55
5,13
10,41
5,19
7,33
7,27
4,10
8,24
16,47
30,85
19,61
16,38
12,31
10,34
19,57
10,33
20,61
7,24
22,47
8,31
20,61
11,39
15,52
22,112
10,29
10,32
18,53
11,31
13,53
19,66
18,46
20,110
11,53
14,54
8,29
9,23
12,50
3,14
13,46
7,26
7,17
16,40
14,45
11,46
19,42
15,59
12,43
12,32
11,29
13,39
10,29
18,43
16,44
5,26
12,18
6,24
15,53
9,39
15,53
18,49
16,36
19,61
10,29
19,48
13,33
5,15
4,12
16,46
10,29
5,17
18,48
13,107
9,18
12,42
17,43
9,34
4,10
18,37
8,41
12,45
11,30
21,57
11,43
16,53
15,45
19,106
9,34
7,23
16,55
10,32
8,38
6,28
11,46
15,48
9,38
11,35
14,45
15,44
13,39
13,31
12,56
8,28
14,39
14,50
12,22
12,35
9,24
13,32
11,27
13,34
19,59
19,39
14,41
20,113
17,56
5,17
12,35
8,22
12,39
12,36
14,48
6,20
5,17
27,71
11,45
20,41
23,66
22,71
15,49
7,36
14,49
16,49
16,53
12,38
30,90
12,46
20,52
23,58
12,24
12,40
14,54
16,48
17,55
18,50
9,37
13,33
5,13
6,21
13,53
16,62
11,31
13,48
5,19
11,29
15,45
15,42
18,53
25,84
14,43
17,62
10,31
14,46
11,27
13,41
12,38
12,32
20,63
14,34
18,94
7,16
18,43
19,54
13,39
15,45
14,59
14,26
25,65
17,42
10,49
9,32
14,52
19,52
25,76
21,104
12,80
17,48
11,38
12,35
13,45
8,38
14,43
16,49
10,33
17,67
19,54
11,45
13,52
9,24
12,50
11,30
11,40
17,48
18,61
10,28
17,45
15,53
10,26
6,18
10,38
11,24
22,59
11,26
12,31
13,49
22,66
11,36
23,62
28,86
8,29
13,32
8,24
8,17
10,43
21,64
13,25
13,33
9,36
11,48
9,38
14,45
15,49
9,36
20,50
17,50
21,51
13,54
10,26
19,57
15,40
15,56
15,49
11,39
22,53
8,38
6,28
22,55
18,47
8,26
19,43
10,37
8,29
12,52
8,19
4,15
15,43
7,27
13,47
11,28
11,40
14,52
8,54
12,77
11,55
15,71
10,29
24,82
8,22
8,20
12,46
22,53
12,28
26,90
11,40
23,53
12,29
9,31
10,36
12,42
7,21
12,34
12,37
12,42
13,39
6,19
8,22
11,44
7,34
18,50
20,55
23,71
19,49
8,16
9,24
11,41
15,39
13,40
15,54
13,50
8,28
11,37
14,46
14,49
16,52
18,49
10,34
21,59
18,105
16,78
11,35
12,50
18,51
11,31
9,26
11,29
15,54
23,71
20,51
8,19
8,44
13,48
13,43
3,10
18,52
17,48
24,76
10,26
11,55
7,20
4,48
11,33
5,20
11,47
8,34
18,57
16,54
9,37
8,28
12,48
8,26
13,44
19,42
10,24
16,49
15,45
13,38
15,33
18,54
15,49
6,64
14,67
11,33
14,45
8,34
16,40
15,35
13,33
9,27
10,32
9,34
15,39
21,62
27,76
12,50
20,68
22,117
15,43
9,23
11,31
19,58
11,32
21,53
7,19
17,44
9,40
7,30
18,52
22,71
20,48
22,65
22,55
17,48
10,35
9,35
13,35
13,65
10,28
13,37
9,27
11,40
16,58
13,37
14,33
14,42
10,28
14,65
7,19
17,46
17,46
9,28
11,46
16,58
14,95
15,87
12,26
20,59
19,52
2,6
4,34
6,13
14,39
9,18
4,24
17,52
12,40
13,44
23,84
12,45
10,30
18,47
8,25
13,42
8,32
18,59
11,37
19,59
22,63
20,54
12,31
4,10
17,52
10,35
10,25
6,15
11,27
10,18
23,61
18,58
14,38
11,38
25,59
22,51
9,21
9,28
10,37
11,35
10,38
12,30
14,40
13,42
7,23
16,46
22,63
11,41
12,39
16,58
12,46
12,42
14,41
12,28
13,47
27,116
17,45
12,27
20,60
12,34
21,64
7,21
8,32
13,34
15,62
14,41
4,11
19,54
13,54
16,44
20,53
17,62
9,37
15,47
10,28
19,48
27,74
19,50
15,50
22,67
5,16
16,61
21,62
8,12
11,79
10,32
17,58
7,37
13,41
15,39
9,26
17,56
21,73
6,27
10,34
12,46
22,56
14,47
14,48
11,38
21,52
14,54
11,37
22,60
10,46
15,43
9,27
12,46
13,45
3,10
12,36
14,58
8,26
12,48
15,49
12,27
13,39
9,21
18,67
18,39
11,43
14,36
8,21
19,51
15,55
16,41
7,41
9,19
14,51
14,47
9,32
13,50
15,56
10,33
12,34
10,48
16,38
14,42
12,45
21,49
14,53
10,31
21,67
10,39
20,72
22,68
9,42
10,41
15,45
11,37
4,10
10,43
17,40
12,39
7,33
10,39
11,39
8,76
15,42
5,19
17,57
12,38
13,28
16,53
13,46
10,36
15,56
23,60
2,10
5,23
6,35
16,91
21,53
12,31
18,37
22,66
9,33
15,58
12,37
19,57
4,10
16,60
14,44
8,19
12,44
9,40
21,65
13,39
16,58
12,39
14,57
11,35
13,48
19,107
22,76
22,63
11,39
7,16
13,50
18,51
4,61
17,57
10,30
8,41
17,59
12,44
12,38
18,49
6,51
25,59
14,39
15,39
17,44
10,38
12,46
8,23
7,37
17,44
11,30
7,27
22,56
15,46
9,44
5,12
21,47
6,25
8,26
7,17
15,58
12,35
19,55
10,25
15,51
9,32
12,43
12,40
6,10
6,16
9,24
17,59
25,67
4,14
23,55
22,56
7,23
6,22
10,42
21,64
15,44
30,102
9,20
8,26
19,47
25,69
17,50
14,51
9,44
13,35
8,22
22,63
14,66
23,50
7,19
19,61
15,40
23,61
8,21
10,38
11,42
12,44
6,12
4,16
14,48
11,28
18,48
16,50
8,38
14,41
13,44
8,24
18,60
14,51
7,27
21,59
23,60
19,57
6,22
19,53
15,44
12,93
16,48
18,51
12,37
10,29
13,67
9,43
20,53
10,35
4,8
10,23
16,44
14,49
9,35
8,34
8,11
12,40
15,41
15,52
11,47
23,67
23,70
13,50
13,53
11,36
10,32
12,38
11,44
8,28
14,48
13,41
14,53
14,48
7,19
11,38
8,25
14,38
11,48
13,43
15,49
4,26
7,20
14,45
7,17
17,49
13,45
13,179
12,30
12,41
11,41
17,59
12,37
9,24
13,51
5,19
12,32
13,32
16,49
12,51
12,35
16,48
4,10
9,29
18,57
7,26
12,38
14,43
9,25
6,22
11,33
13,40
7,15
13,45
6,16
20,62
17,51
11,22
15,35
5,17
9,20
12,48
12,35
6,21
11,29
14,51
9,20
17,55
8,22
9,28
16,53
6,17
12,47
11,48
19,44
8,25
12,28
20,109
13,32
9,25
14,54
4,10
8,32
11,37
5,17
10,28
10,41
5,25
19,50
8,41
14,45
13,46
14,35
7,41
8,21
19,75
10,42
7,24
19,35
15,39
18,51
11,29
7,35
10,61
11,27
20,61
23,56
8,29
9,36
14,34
21,64
10,29
15,51
2,4
20,53
14,74
14,49
18,43
17,77
14,46
9,21
15,50
19,67
10,29
14,40
9,44
18,48
5,13
10,44
8,37
15,40
16,45
14,37
28,86
9,29
31,108
23,70
3,6
10,27
10,29
13,37
16,40
10,24
8,29
15,38
10,40
19,57
20,54
13,37
13,46
10,26
21,52
23,69
13,47
18,56
22,64
10,41
11,31
8,32
18,46
12,33
11,75
10,31
15,51
10,41
17,91
16,56
5,12
7,19
16,47
23,77
13,53
14,44
7,20
9,28
18,54
7,22
8,24
12,39
17,41
7,26
10,38
14,38
12,43
16,45
13,30
21,65
19,48
16,49
13,44
20,61
17,55
8,12
18,58
12,33
14,29
17,54
9,19
28,85
19,54
6,18
13,30
9,13
6,28
12,32
18,65
9,23
11,36
16,50
7,25
11,40
17,59
15,42
8,24
10,33
20,76
16,46
10,26
10,34
15,32
15,54
12,35
18,65
18,42
11,45
23,118
21,61
11,44
16,44
16,54
16,44
10,37
14,49
19,60
12,39
7,20
15,39
9,25
20,109
10,38
8,39
24,69
30,89
16,65
12,31
16,54
17,51
9,22
13,38
19,84
17,42
17,42
9,30
15,53
10,29
5,31
12,37
16,52
17,53
16,87
18,38
8,17
9,23
14,54
6,24
15,39
10,39
10,33
11,27
11,29
12,63
5,21
15,44
8,34
11,39
7,18
17,38
23,54
15,43
8,21
4,15
7,26
13,41
18,50
11,36
7,11
8,35
8,34
11,29
16,34
17,52
18,48
10,35
16,55
20,66
8,36
15,46
15,34
22,70
5,17
6,20
17,49
19,107
17,58
10,38
11,44
13,122
12,41
14,50
14,53
12,30
11,38
20,60
20,58
17,53
19,61
16,41
3,11
19,62
15,49
18,38
17,46
18,46
9,35
24,70
17,66
6,16
19,51
11,36
20,60
18,55
5,19
17,75
23,53
18,66
18,57
15,52
21,78
18,49
14,40
12,42
12,37
16,49
14,44
20,51
17,51
14,39
16,44
19,69
15,67
12,31
4,18
20,59
18,53
18,59
14,44
17,42
20,57
12,29
18,50
18,54
11,30
17,98
18,61
8,23
14,44
5,15
10,47
18,58
11,17
23,86
19,55
9,34
14,56
14,47
13,64
13,53
18,49
11,44
15,41
22,40
7,19
19,57
12,48
15,86
15,46
12,49
15,35
19,106
19,57
14,53
9,27
16,47
16,45
10,25
20,61
15,48
10,44
7,32
8,33
12,50
10,25
23,55
4,10
8,38
6,24
10,42
21,67
16,47
10,37
5,14
19,56
12,32
9,36
12,55
11,35
18,50
21,69
17,63
12,33
16,52
21,72
12,37
11,36
7,27
17,61
12,32
12,27
6,20
17,44
3,17
11,37
7,18
10,40
22,66
20,61
16,55
13,42
11,27
10,52
13,34
11,28
19,52
13,46
10,37
9,35
10,36
15,40
19,54
20,59
18,52
10,26
12,41
12,36
21,61
5,19
16,50
15,53
16,42
11,37
29,67
9,35
9,25
8,24
20,61
20,57
18,42
22,57
12,27
17,51
10,35
13,54
13,47
6,13
21,49
12,62
8,26
20,63
6,16
13,37
8,20
12,24
23,74
12,40
22,73
16,49
14,28
11,49
11,47
9,35
16,60
21,100
17,50
11,37
15,54
14,42
15,53
10,34
19,55
16,46
13,57
12,48
19,60
15,53
12,21
18,42
16,51
19,64
15,48
16,53
14,46
4,14
15,28
19,75
10,24
19,58
6,16
12,37
5,8
13,39
14,50
14,29
12,38
7,16
10,33
15,40
13,53
12,46
19,57
19,47
6,15
22,56
14,41
10,77
3,7
21,62
13,42
16,24
12,46
17,55
22,53
12,54
16,53
22,59
9,34
19,55
7,25
4,12
13,54
17,65
10,22
13,44
14,39
15,75
13,39
27,76
12,42
10,25
9,43
11,33
11,43
17,44
22,72
30,81
12,41
13,50
6,24
14,39
13,43
7,22
7,37
15,51
12,60
5,11
12,36
10,44
14,44
17,107
8,20
10,36
14,44
14,34
13,36
11,27
16,52
9,36
14,54
13,35
9,31
12,30
7,23
9,25
21,66
9,26
21,58
14,39
12,24
3,8
15,51
4,10
12,32
15,48
8,28
20,62
12,30
16,43
24,64
16,39
15,59
15,44
14,39
12,27
18,57
14,50
8,25
15,41
16,52
13,33
11,33
14,56
9,37
17,56
15,54
13,44
6,18
3,7
14,58
12,41
12,40
19,55
12,44
11,38
14,47
7,29
27,83
7,22
9,35
15,47
11,52
4,13
16,56
19,60
6,26
7,24
21,52
10,33
15,41
14,46
6,12
14,44
11,31
11,30
14,47
16,55
13,43
13,39
20,63
11,48
10,36
17,56
12,38
6,32
25,70
13,46
24,75
16,63
9,22
9,22
14,51
24,68
20,61
10,31
8,37
16,52
11,37
15,45
21,53
20,60
19,64
15,50
19,48
19,53
16,51
17,61
13,34
16,51
28,78
12,32
12,49
8,35
14,45
16,55
20,43
16,53
22,55
5,11
8,24
17,56
4,36
18,56
16,40
21,53
21,117
15,43
20,61
16,42
7,25
14,42
12,40
9,19
12,38
10,33
17,46
15,44
13,47
17,49
16,50
10,33
10,31
15,46
24,117
12,37
16,53
10,35
5,14
8,21
10,25
16,53
15,28
11,40
16,38
8,37
12,32
9,39
20,61
11,44
14,35
18,65
6,20
6,28
14,50
21,59
12,35
11,31
15,39
21,54
17,59
12,79
20,54
5,19
19,49
14,46
15,48
22,56
19,59
15,39
5,23
8,26
15,55
5,14
16,56
9,41
11,40
7,28
9,76
15,35
9,22
17,53
24,63
10,29
17,51
15,53
19,52
15,34
16,45
15,43
19,62
5,11
11,73
12,61
13,39
31,70
15,56
10,22
11,27
15,53
8,26
19,105
18,45
9,63
13,35
18,63
10,44
8,36
9,30
10,35
19,57
9,35
17,32
11,41
7,16
13,69
14,41
12,39
15,51
24,60
22,117
14,47
19,65
19,59
11,31
18,57
11,39
24,66
12,23
8,34
7,23
17,61
10,45
10,42
7,19
22,45
13,36
10,29
12,36
5,13
8,32
10,27
12,34
14,28
12,31
12,29
10,48
12,51
12,36
15,42
27,77
13,38
15,44
19,60
18,51
10,24
11,29
11,33
21,49
18,59
8,40
17,50
16,72
16,45
10,28
14,45
15,105
23,83
7,22
9,31
12,35
9,41
12,46
13,43
5,56
10,32
9,23
12,33
11,40
14,43
16,39
17,38
18,62
15,49
12,50
16,47
11,37
14,44
6,17
17,54
18,51
4,10
21,51
7,28
12,38
4,13
10,46
9,32
4,10
10,37
19,59
17,66
20,69
25,73
10,39
20,113
9,23
12,32
13,39
11,26
6,18
16,83
14,24
16,53
23,81
24,69
14,38
8,27
17,55
20,58
17,46
20,42
14,31
4,12
21,62
11,28
19,55
18,64
16,44
10,46
5,20
12,47
11,37
17,38
22,73
20,63
14,44
24,106
11,60
13,52
20,66
5,11
12,47
7,24
12,46
10,30
10,42
23,62
16,38
15,47
18,48
11,38
14,29
12,31
20,60
5,25
17,51
17,53
15,48
8,28
13,51
19,66
19,51
13,38
13,41
17,58
14,46
10,34
13,33
11,35
9,35
4,14
19,59
11,38
21,73
3,7
15,40
10,41
5,13
7,23
6,16
14,49
21,67
15,49
4,10
10,35
9,33
13,45
17,52
14,39
16,40
7,16
10,27
10,92
5,13
7,23
15,41
3,7
10,41
20,60
18,66
8,41
13,38
10,31
8,19
11,32
7,20
21,81
15,47
16,39
31,98
16,58
14,42
11,38
18,50
5,17
11,29
14,36
9,22
18,42
16,42
7,23
21,46
17,107
24,52
12,31
11,37
19,52
15,39
17,57
11,29
16,45
14,46
8,28
11,43
15,43
20,61
6,32
12,43
15,67
21,56
4,107
6,17
19,55
8,34
14,28
13,35
20,61
12,53
19,63
6,20
21,64
10,41
14,43
12,37
8,20
19,53
17,44
11,38
7,24
15,53
3,8
14,54
8,34
11,37
7,27
13,49
19,94
19,49
8,31
13,26
15,52
5,15
19,47
20,74
15,41
15,51
14,46
11,29
19,61
6,20
14,65
10,38
11,42
10,40
9,33
15,49
21,73
16,39
9,42
11,36
11,30
14,60
12,48
16,45
11,46
8,24
18,60
12,31
14,50
19,47
19,54
15,53
10,28
10,45
15,44
12,39
10,28
18,58
11,45
11,41
14,37
20,64
17,40
9,21
9,25
21,72
10,31
8,41
8,24
14,49
8,33
13,29
31,89
27,62
14,54
16,50
14,32
18,49
9,29
15,40
12,40
10,25
16,55
5,19
12,31
8,43
9,35
11,27
14,47
14,33
7,20
7,29
19,63
22,54
13,39
20,44
10,41
7,21
14,46
5,14
12,52
14,45
12,34
14,66
12,31
23,71
13,46
21,64
14,38
21,46
13,36
15,49
11,45
12,38
11,31
22,73
23,59
15,84
14,45
15,28
4,14
14,40
14,48
18,43
16,53
8,26
14,41
9,28
17,51
22,73
11,45
20,48
11,88
22,53
13,35
23,66
9,29
17,62
20,56
16,75
9,33
11,40
13,38
9,23
16,49
8,26
10,11
9,33
26,63
20,55
13,45
16,32
14,35
12,34
16,52
21,47
4,8
14,36
10,36
14,48
16,62
19,51
11,22
7,21
11,40
10,35
13,39
9,36
11,33
6,15
6,88
11,48
21,110
12,37
14,41
19,73
16,52
26,74
14,54
4,13
12,45
24,49
26,77
11,41
14,57
11,21
13,47
23,72
10,31
12,54
20,110
12,46
18,59
13,39
15,49
11,37
13,37
16,48
11,42
8,40
23,105
9,36
9,23
15,54
18,50
27,72
8,30
14,34
3,10
10,55
9,27
10,23
16,44
7,25
14,34
3,35
11,24
19,51
28,70
5,21
13,33
5,13
10,33
8,29
12,43
15,51
13,49
17,55
17,50
21,47
12,23
11,43
12,28
10,26
19,107
7,17
9,32
19,47
12,30
8,37
16,34
15,53
21,55
17,65
19,58
10,27
16,59
8,23
19,51
20,65
5,19
13,43
5,17
9,24
11,37
8,42
13,46
12,35
5,13
17,56
5,16
10,46
9,52
18,61
9,40
10,27
17,49
9,23
19,52
23,70
17,53
19,42
26,79
12,54
9,26
13,36
7,19
28,73
14,57
16,42
14,47
13,45
21,63
6,33
12,42
8,34
13,31
8,24
12,35
11,43
18,53
17,49
11,28
26,66
8,22
17,45
12,48
7,32
6,23
13,46
12,50
19,53
14,27
13,42
5,23
20,66
11,59
12,34
13,40
15,56
19,58
15,51
20,60
12,32
10,28
11,33
11,29
9,35
8,29
2,6
25,86
14,50
12,42
21,54
20,63
11,26
8,34
15,52
18,58
18,46
11,37
17,36
12,35
24,74
10,29
7,19
19,48
13,46
8,37
14,49
8,36
11,55
21,65
16,45
13,34
15,48
17,43
8,37
15,36
21,47
11,75
7,21
12,39
24,118
15,64
8,27
20,112
17,44
17,49
17,46
16,55
19,55
7,24
10,24
4,24
10,28
17,58
14,43
22,63
18,57
12,50
11,35
15,41
16,48
7,24
14,36
12,41
8,41
14,45
17,49
15,40
9,24
10,27
9,26
4,10
14,39
19,55
9,41
7,16
11,36
12,51
16,42
20,56
17,50
9,29
14,44
11,24
12,63
6,16
10,33
12,37
8,21
13,51
18,45
13,39
4,6
7,31
11,30
15,93
13,63
16,49
5,32
13,45
13,34
8,24
15,57
8,21
11,27
11,43
17,55
12,27
10,47
16,49
11,32
16,39
8,22
11,46
17,50
11,35
6,20
17,37
11,43
15,48
8,19
9,27
9,24
10,18
12,45
16,53
20,53
9,27
19,51
19,48
9,32
22,66
15,37
15,44
14,44
18,50
11,31
17,57
16,50
18,52
15,40
18,61
17,51
9,27
12,36
10,36
8,21
14,41
16,34
16,42
14,48
13,53
12,33
12,29
11,31
23,68
23,72
12,37
21,62
10,32
10,29
8,31
19,49
6,18
3,13
6,21
20,63
14,38
8,28
13,38
18,39
20,62
9,24
12,48
15,55
11,44
14,37
14,48
4,6
15,41
16,53
19,61
16,65
20,48
9,23
9,40
22,54
8,29
11,38
11,42
15,38
24,108
9,27
15,40
12,35
13,44
14,51
29,119
12,39
20,110
7,17
13,45
22,67
15,40
10,24
16,42
21,51
19,86
10,43
10,29
11,43
12,46
12,44
15,38
13,39
15,48
17,55
11,31
13,46
9,30
22,60
12,38
8,19
6,24
22,48
16,56
23,62
16,34
10,40
16,52
24,134
13,44
10,28
11,28
19,51
11,31
11,38
12,36
8,28
7,24
17,46
14,58
13,30
14,36
3,7
14,54
11,43
27,60
9,48
22,68
18,50
11,43
25,119
10,73
14,28
10,40
22,67
20,61
7,21
8,51
18,54
18,51
7,19
12,47
15,48
20,62
3,8
10,25
10,39
7,22
22,73
12,32
16,37
20,62
12,31
10,42
19,36
11,40
13,33
5,29
14,45
10,37
10,36
14,47
10,92
15,39
19,44
5,18
12,36
19,56
16,46
20,61
18,54
14,42
9,34
7,23
9,43
4,10
20,73
19,76
8,30
20,55
8,69
12,50
5,14
11,45
6,24
11,44
14,41
13,30
16,48
11,36
15,48
19,55
18,39
16,44
10,34
14,83
16,51
15,45
12,31
14,42
7,22
20,112
13,37
13,32
4,10
5,23
19,54
14,50
19,59
7,9
16,47
4,8
22,82
11,41
18,54
12,46
15,52
8,20
10,29
16,58
12,31
9,58
5,25
11,35
17,60
16,50
19,66
9,24
15,34
14,54
19,50
11,32
19,63
17,58
18,66
4,10
2,10
10,46
9,33
10,25
13,43
28,117
19,64
14,66
6,20
16,45
21,55
18,54
20,51
14,35
11,42
9,37
12,38
18,51
11,29
20,74
13,44
13,42
14,28
9,27
22,53
12,32
22,53
13,33
15,56
12,53
17,45
14,38
13,46
19,43
21,58
13,38
11,43
17,54
11,26
12,34
15,38
6,12
20,63
18,108
18,39
9,44
11,64
16,48
16,45
12,32
12,35
6,15
9,45
18,44
23,64
5,15
10,104
20,51
12,28
16,48
26,76
10,36
12,29
12,62
12,34
14,69
14,30
13,28
5,13
16,58
18,58
8,23
14,40
12,49
9,34
9,34
13,49
6,16
12,42
14,44
12,49
6,30
24,77
20,68
13,37
10,38
19,62
13,48
11,41
21,57
24,73
13,39
9,33
10,29
14,46
12,41
17,55
8,29
5,16
27,69
15,34
10,33
8,26
13,67
10,35
11,45
14,49
18,57
16,45
9,40
12,38
13,29
6,20
16,51
8,30
14,42
22,117
15,43
10,40
18,56
4,10
11,45
8,29
8,23
15,41
8,38
14,65
5,17
5,14
10,38
14,45
14,57
18,58
14,43
18,45
16,40
9,36
15,45
11,44
14,43
20,54
17,56
15,53
19,57
20,55
14,47
19,44
7,24
10,28
15,67
11,91
19,61
15,37
12,36
10,32
25,63
8,35
14,40
13,40
17,33
10,34
20,109
18,42
8,40
16,33
11,29
9,33
10,34
14,48
14,44
11,43
6,8
10,29
10,34
11,44
8,39
11,34
15,36
10,37
23,61
21,57
22,53
18,54
17,61
11,39
4,24
14,44
13,49
16,54
5,19
23,62
9,44
11,29
7,53
18,57
11,38
19,59
14,38
14,41
11,33
18,49
17,51
17,53
10,43
20,46
7,21
18,50
15,40
9,31
12,40
9,44
21,60
8,19
17,50
12,50
12,44
11,39
14,41
14,50
19,62
8,24
15,46
12,44
11,41
14,48
8,23
14,48
14,51
13,44
16,41
14,43
13,32
25,64
12,64
7,23
16,59
9,38
13,34
18,58
12,49
11,44
6,14
18,43
18,42
12,46
12,29
10,27
16,43
10,38
13,36
11,34
5,13
13,45
9,38
11,40
9,35
9,22
9,34
15,38
20,55
7,22
18,39
10,31
11,38
8,30
29,83
14,66
17,57
17,98
13,44
16,44
8,28
11,46
11,54
15,48
17,43
12,39
13,43
8,38
13,30
16,46
11,43
10,81
15,50
11,29
13,33
6,20
13,53
19,51
15,35
16,48
9,26
17,33
12,36
12,28
12,40
15,57
2,8
7,25
20,74
12,37
9,32
14,38
8,41
8,27
17,51
12,43
13,47
15,51
17,45
16,37
25,70
15,38
23,61
18,53
22,71
14,41
17,56
15,50
12,39
10,40
14,50
21,59
17,50
15,40
14,39
20,77
11,49
19,58
14,46
15,47
9,25
23,122
11,26
9,39
7,17
12,43
20,50
5,15
19,65
8,22
6,32
22,111
8,28
11,34
5,11
28,96
14,49
19,55
16,44
15,38
18,56
17,42
13,62
12,103
12,44
13,44
5,13
14,48
8,38
22,75
17,45
11,42
23,73
10,40
16,45
15,56
13,39
16,40
12,44
12,129
5,15
27,61
11,42
16,46
13,47
20,68
11,52
18,53
6,16
11,42
20,61
12,41
9,24
10,34
19,54
17,56
17,50
16,54
12,41
20,56
13,47
20,60
13,126
21,63
13,39
17,53
9,37
18,57
12,44
14,52
6,39
15,50
13,33
11,42
7,27
18,57
4,10
29,83
4,20
16,46
16,45
29,73
19,53
12,35
28,76
11,43
18,44
10,41
19,61
20,63
11,37
15,38
11,30
8,18
9,23
7,19
14,36
18,47
9,44
19,71
22,53
18,34
30,92
19,62
7,54
6,28
11,41
7,21
7,19
22,54
15,39
8,21
12,40
6,15
22,47
15,51
11,37
18,58
12,50
11,29
14,52
19,72
14,34
12,28
12,45
9,23
5,37
15,65
5,9
16,49
18,50
11,45
16,73
20,106
24,108
8,22
13,42
18,42
18,43
16,45
10,40
14,49
5,18
8,13
14,52
15,67
17,45
10,35
15,54
14,47
11,34
15,32
15,48
9,44
11,39
14,47
19,116
15,43
7,11
17,48
11,27
11,45
21,49
10,28
3,16
11,29
9,26
11,35
9,26
11,36
14,38
16,45
14,36
12,36
11,34
5,11
23,119
12,39
7,28
8,34
9,29
17,56
12,39
10,26
13,39
15,47
9,25
14,54
13,47
20,60
27,65
16,58
12,37
10,29
15,42
22,54
9,38
5,18
17,43
17,57
17,55
12,41
10,43
15,56
10,36
15,39
13,56
29,90
10,25
15,41
8,22
15,43
18,67
14,40
9,37
15,51
15,40
21,80
15,43
21,104
7,27
15,52
22,64
17,61
14,40
14,58
5,15
19,59
3,20
10,35
12,41
8,30
18,44
11,45
14,46
17,47
10,25
18,66
17,46
12,38
8,41
12,40
7,18
24,57
15,46
11,46
23,57
12,48
8,69
15,53
11,29
16,36
15,34
21,62
8,29
11,47
20,53
5,13
8,20
20,66
16,41
6,21
21,49
3,31
9,30
10,31
15,53
9,22
25,60
13,33
10,34
12,50
10,24
25,69
11,38
20,65
17,45
12,47
7,37
18,50
12,45
22,60
13,44
11,35
13,48
12,37
17,49
10,27
21,49
16,41
9,19
14,49
16,56
17,52
19,51
6,24
12,47
19,57
9,21
12,38
11,27
8,34
5,18
10,29
13,47
18,63
9,42
11,37
13,44
13,56
17,62
18,63
13,42
10,34
18,46
21,58
14,45
10,28
18,65
12,59
18,63
8,23
24,58
13,48
15,46
16,48
9,35
7,28
12,25
18,76
8,29
15,33
15,34
12,35
13,34
7,32
17,44
11,43
16,52
12,36
4,12
18,51
14,46
9,37
12,50
12,30
18,49
20,52
11,29
15,84
18,36
9,22
17,51
11,39
17,51
9,33
18,55
10,34
13,52
12,31
11,27
11,32
19,69
16,58
17,38
12,30
6,25
17,43
20,113
5,14
18,59
6,18
11,34
24,63
15,47
20,63
6,22
26,64
14,50
12,50
4,16
16,59
11,36
14,34
16,43
7,24
17,53
9,26
20,50
11,31
14,44
8,19
9,38
20,63
15,46
11,39
20,60
10,54
9,28
14,35
6,21
6,13
31,130
10,38
18,52
18,64
23,56
20,51
7,36
13,33
18,42
22,112
19,49
7,27
10,31
16,54
22,67
20,63
22,81
14,54
13,38
12,48
17,55
3,15
11,38
12,49
16,66
22,73
20,51
27,59
12,36
19,50
12,35
20,63
18,46
14,45
9,39
8,23
24,60
17,59
6,28
12,42
12,50
11,39
24,82
9,34
15,57
18,53
21,49
17,36
23,63
15,85
22,61
20,59
10,33
24,57
14,46
17,48
15,54
11,39
11,35
7,16
15,41
27,63
12,39
16,32
8,23
15,55
21,67
10,34
6,18
22,59
14,48
19,44
16,59
15,57
20,52
23,61
7,41
9,25
10,35
10,33
11,37
17,40
8,29
12,38
15,93
19,55
11,41
9,28
13,37
19,57
16,58
11,42
14,47
8,29
10,27
20,54
8,40
7,17
8,29
11,29
7,24
7,23
12,46
9,20
12,42
8,38
15,28
21,67
11,37
13,45
20,117
18,53
21,101
9,35
13,43
21,53
11,43
7,26
10,40
10,40
14,40
4,10
16,54
12,27
18,56
10,31
15,53
12,38
20,53
10,25
9,34
19,57
13,53
19,61
5,13
8,32
6,37
7,25
10,44
6,15
18,47
16,64
17,51
5,11
10,37
19,62
15,43
9,33
10,32
14,45
24,74
13,53
20,51
15,58
5,22
13,48
13,44
11,28
18,50
27,72
14,34
10,26
17,60
14,43
21,54
9,31
10,23
15,41
3,8
8,37
21,59
14,40
14,35
9,48
14,48
13,43
18,54
18,54
7,28
8,46
5,17
14,48
19,49
8,17
11,75
24,68
13,40
11,39
11,43
12,40
18,49
8,23
11,27
16,39
11,31
23,73
11,34
15,47
18,62
14,45
5,15
20,49
10,26
5,13
9,24
14,36
22,117
17,41
4,11
7,23
12,46
17,75
19,52
17,62
19,65
20,65
10,38
23,59
13,50
17,48
21,55
9,23
19,60
16,47
26,70
14,32
13,42
14,49
11,39
15,69
12,60
7,28
12,39
12,60
22,55
11,30
14,47
18,82
18,32
19,47
20,49
21,59
7,25
12,39
18,54
9,30
11,30
14,40
14,41
12,47
12,42
16,61
7,30
17,59
5,17
11,30
20,45
23,52
12,27
21,64
6,14
11,30
18,54
14,41
3,14
19,49
11,26
11,23
10,27
8,30
13,39
11,40
23,64
17,46
13,47
14,48
16,41
6,11
10,31
7,19
13,46
21,67
11,32
8,37
18,43
14,48
21,59
15,35
23,55
16,35
15,41
21,59
6,28
14,37
18,57
7,21
17,57
9,25
18,58
10,46
8,30
10,37
13,38
13,34
28,99
16,54
17,45
12,39
12,44
27,59
16,55
11,37
13,45
12,42
12,36
8,34
13,22
22,66
12,35
8,22
20,59
19,55
16,46
17,59
13,38
11,36
11,27
10,43
17,38
10,22
3,10
20,42
15,58
17,58
14,49
17,64
8,15
20,62
11,39
10,38
18,50
15,47
13,38
8,43
16,51
15,36
11,47
12,47
24,69
18,56
14,54
20,88
8,34
11,29
18,39
22,68
9,24
18,43
16,43
25,64
14,44
11,48
18,54
13,44
19,57
11,32
14,58
16,62
12,32
17,51
9,30
16,84
16,54
11,44
16,40
6,17
13,49
14,56
18,51
7,23
9,34
6,12
13,45
5,10
10,28
22,122
9,32
12,41
9,24
6,23
20,62
11,36
8,24
9,32
11,103
14,34
11,44
12,46
15,32
20,69
11,26
9,32
11,30
16,43
9,37
21,52
24,114
11,120
20,110
17,66
9,36
11,31
7,16
11,29
14,39
13,41
17,51
12,45
15,50
12,42
10,50
17,63
16,58
12,45
2,4
26,95
18,57
9,24
3,7
13,38
11,44
18,61
6,15
7,25
12,38
20,67
11,30
10,39
16,62
18,57
24,62
5,15
8,19
10,39
9,24
14,39
8,21
14,49
13,51
12,32
17,64
23,81
9,21
14,49
19,54
16,46
20,109
15,53
22,49
23,67
12,38
10,30
18,59
13,48
14,41
13,44
14,43
11,36
18,57
