vertex_num,face_num
24026,45254
17550,32219
20684,38291
19350,36558
15488,29431
11154,21491
530,680
14204,25992
16863,32622
14019,26446
21276,40252
18600,35114
7052,12958
13386,25281
11654,21636
24138,45681
13578,25705
20893,39065
33478,65125
10290,19896
3640,6358
10072,18816
20153,38278
14166,27467
28562,54332
24935,47850
12080,23386
7004,13204
7126,13033
11549,21342
9466,17238
464,652
9314,17554
27326,50489
13151,23233
6832,12060
12417,23370
23051,43365
19658,36880
11345,20786
12705,22946
5929,11304
7440,14076
19866,38709
29054,56637
20628,38816
12812,24718
8818,16370
2757,5009
8791,16879
8816,16832
17897,32656
9011,16784
9975,18262
15527,30116
3301,5978
8391,16035
13740,26606
16787,32618
13982,24982
7330,13230
14581,27228
13963,25985
6903,12772
10953,20380
16887,32202
13838,25542
15503,29612
12471,23514
21391,39796
6394,12171
18578,34728
17028,31929
30804,59028
24126,44686
16498,31305
26028,50636
9413,16963
14602,27184
3493,6294
21944,41394
29756,53203
6684,11918
12227,22921
5993,11366
9572,17937
19589,37158
34738,67426
3648,6584
12747,23936
7232,13472
21646,39902
7249,13100
8539,15637
8614,16166
26239,50586
13104,23761
19941,38507
13448,25375
22181,41624
13571,26251
17924,34266
7659,14346
4304,7798
8907,17229
4279,7714
17944,33220
18926,35298
16605,32192
15819,30563
5083,9554
4639,8677
9769,17773
24957,48075
18673,35691
1718,3000
10774,19848
9112,16648
9784,18130
13239,25218
9929,19236
10537,20332
3558,6318
12547,23322
6014,11070
5020,8954
21769,40349
5224,9763
6811,12134
11819,21586
4333,8068
10413,19938
17576,33190
9065,16627
10815,19966
19560,35519
6904,12778
29856,57026
15885,29076
14755,27816
3330,5956
3920,7012
10512,19888
10626,20317
17664,33377
6969,13379
3762,6826
4798,8986
14819,27864
24957,48075
16900,31876
9654,17498
2738,4888
11102,20291
11700,21454
9177,17447
3975,7236
11383,21200
12705,23400
10285,19164
4552,8216
13313,24677
10780,20965
45290,87234
42621,82494
9685,17330
13150,25222
12588,23552
2886,5245
4435,7896
21900,41372
28996,54582
11169,21036
4197,7490
7605,13748
8825,16483
18432,34626
8067,14718
10117,18822
8878,17202
705,1194
20637,38922
16580,29950
9929,19236
48743,93916
3972,7114
12931,24356
11386,21576
8947,16202
34519,64441
12648,23974
10060,18112
6389,11214
9545,17404
18689,36414
9134,16686
12194,22146
5351,9523
8847,16174
16777,31678
10803,19592
10053,18675
12138,23546
23394,44734
16767,30115
8507,15410
40095,77048
3822,7060
24366,45006
5560,10120
14920,27008
6602,12412
5269,9580
13238,24365
21755,42441
20143,38313
6999,13092
11681,20939
20904,38291
14178,26242
12077,22910
14231,26446
9627,17664
9929,18910
4817,8740
20918,37962
18634,35189
17137,32380
40934,79164
10227,18986
19034,35776
23634,44672
24021,45376
16790,31833
7792,14482
13803,25754
3349,5918
8687,15909
11019,20375
33333,64416
10406,19278
11333,21252
14472,27314
2610,4650
18803,35324
15083,28082
24169,46267
20564,39029
16765,31408
4067,7442
11015,20916
15065,28754
19516,36692
18355,33550
39367,73063
12891,24765
21133,39676
14096,27064
30253,58667
4760,8372
14859,28084
11608,21620
18900,35110
4619,8647
8035,14986
5599,10620
22653,42028
10719,19598
22776,43218
7739,14047
11199,20892
5061,9401
15446,29712
8775,16071
16044,30344
17583,31423
10989,20523
7497,14330
11571,21944
20391,38695
10674,20221
10088,19384
17855,32562
6819,12970
8047,14598
6253,11281
15491,30091
11173,20826
19833,37539
12673,23882
7135,13363
17645,33400
6263,11282
17382,33393
13238,24365
18967,34762
4624,8700
5458,10300
14662,27660
12167,22851
7527,14276
17645,33298
7558,14282
20882,39678
8332,15831
10860,20600
14570,26456
5042,9580
7930,14235
13494,25653
7365,13625
15186,28016
8654,15794
8610,15832
21973,41391
24402,46758
12387,22646
2759,4934
22251,40580
13846,25466
26904,50218
9552,17635
24660,47290
7927,14856
12786,24528
13405,25283
21308,40094
5328,9530
20663,38868
11700,22168
7254,13310
10603,19572
10067,19038
22174,42148
4168,7754
10142,18466
10662,19866
11852,21774
7799,14176
5757,10904
11825,21746
7912,14290
17090,32374
10367,19120
46145,87910
6357,11494
7290,13750
13165,24787
10844,20145
6139,11427
12554,23019
11690,21636
8015,14976
24678,47032
14048,26558
16001,29944
15351,28106
10232,18675
5365,9846
4428,7806
11628,22489
8147,14886
4019,7613
8324,15620
12915,24760
50505,97336
23393,45751
16746,30702
3950,7201
19103,35622
10152,18534
21734,39716
18033,33579
15136,27632
17514,32235
13277,25200
6375,12081
14760,28197
7562,14076
9663,17822
17346,32650
21396,38876
30032,54912
10066,18966
4862,8810
16746,30702
9176,17669
12688,24150
32830,58785
17346,32650
16186,31497
1428,2572
18317,34060
7579,14266
12534,23500
11206,21416
20522,37470
8749,16689
9527,18302
12681,22695
24844,48212
12520,23492
11614,21187
17930,33864
9320,17714
16027,30611
25892,48698
10429,19056
13039,25266
2185,3756
19765,37487
2885,5184
22304,41264
14755,27724
22682,42717
10173,19388
15258,29212
9533,17486
7790,14564
13035,24418
20852,39274
9761,18870
7468,13842
23717,43732
20290,36966
15213,28182
15772,29368
17301,31974
30799,60415
29633,57504
16002,29309
5846,10852
16363,29812
33320,62709
10228,18296
8139,15126
18834,36691
11663,21355
20827,39792
7067,13128
25360,46924
8773,16757
14024,26024
15376,28522
25692,49285
10630,20203
16027,30611
36857,71033
11918,21840
20271,38481
6130,11226
5965,10943
19468,37086
35171,67469
17696,33434
8399,16227
23164,42646
16969,31905
6338,12022
20043,38038
15033,28716
2504,4394
10268,19002
32873,62170
10106,18925
7951,14609
32695,62180
4203,7826
8917,16583
14944,28005
3200,5788
6102,11110
17357,32760
8893,16571
27472,52146
19324,35460
16401,29800
43315,83091
16801,31182
14972,28845
16687,30820
26292,50510
13064,24588
11560,21753
3360,5670
23048,43468
4389,8186
25919,50135
9157,17208
17945,33152
18024,33510
6717,12202
19144,35574
16770,31584
44304,84822
30565,57868
7058,12426
8808,16366
2455,4599
24966,48419
22067,42156
3475,6238
9563,18188
9337,17459
5078,9476
15213,28182
8163,15341
22808,41980
9113,17586
8602,15572
11087,20842
22903,42622
23380,43410
5078,9476
6057,11507
11783,22196
21485,38683
11772,22680
6654,12533
9141,16920
7649,14551
4172,7516
26410,49952
14242,27286
18703,35198
15334,28710
17925,33324
16487,30953
11613,22042
2545,4741
20628,38987
13115,24399
16401,30572
4121,7276
8116,14962
16651,31120
10228,18296
11817,22853
19955,37208
7719,14088
16553,30954
10322,19348
7477,14301
8801,16744
7865,14717
8166,14982
10132,19686
22915,42908
14488,26807
9533,17486
14306,26678
10670,19920
20226,38230
22377,41580
4132,7284
11354,21270
3876,7054
20602,38678
19764,37426
11983,22036
8437,15631
16363,29812
2938,5373
3947,7190
10975,20757
12520,23490
23642,44677
27542,51836
12642,23620
14766,27600
10261,19108
15298,29240
7980,14368
21422,39891
6440,12084
13274,24937
13528,26172
23199,43600
15258,29212
4314,7839
5504,9826
44304,84822
8915,16242
14785,27747
32859,63514
7058,12426
19082,36037
7645,14388
9493,17498
4249,7855
9076,17495
13308,24557
14825,27431
23233,44633
18194,34366
16403,30804
12130,23340
16773,32206
5340,9814
29358,56334
8248,15879
21121,39942
5114,9388
15863,30066
17960,33185
18202,34608
25232,48362
5055,9228
11026,20744
13001,24430
23879,45124
7992,14562
12295,23716
19928,37868
11699,21764
28127,53224
9898,18116
12765,24448
11561,22074
20879,38858
11660,21574
6067,11132
6254,11851
7976,15221
12745,24746
7700,14589
5886,10470
15234,28424
25250,48433
22315,41937
9028,16127
33507,64996
12149,22230
24993,46543
15128,28444
13432,25858
43354,77276
16943,32209
16245,30644
13070,24410
18359,34932
17795,33189
9660,17496
22929,42706
11247,21551
20378,39653
11487,21756
15831,29292
12745,24746
10174,19400
5196,9470
8444,15083
10569,19508
30658,58872
6120,11694
20095,38372
14969,28052
9632,18524
23234,44264
37229,72185
8919,16446
17149,31919
19926,37282
13547,25978
4329,8082
15604,29592
12478,23604
7882,14730
11370,20636
15105,27738
18272,34442
6601,12221
14589,27574
2786,4992
2568,4466
15108,28848
8865,17042
13558,26294
10988,20312
6895,13126
11345,20864
26403,51340
10982,20848
8455,15506
23556,44444
5880,11150
4329,8082
19201,35582
3448,6212
8003,14935
11284,21371
11935,22590
11522,21086
10073,18372
7554,14036
9577,18036
25833,50504
7524,14196
3481,6268
3448,6212
8269,14756
17790,32964
7874,15095
5300,9948
23962,45408
13177,25188
17715,33213
19299,36716
4051,7510
3133,5658
4192,7692
13543,25430
11323,21310
12969,23082
4458,8036
24540,47306
9390,17348
26240,48166
5879,11200
2350,4222
16665,31186
3301,5978
7943,15233
7717,13930
11185,20304
23055,43672
1968,3480
13379,25260
16029,30518
15661,29350
3451,6245
12016,22664
5586,9856
25115,48479
9068,16843
20675,38046
8378,15242
7233,13866
19823,36143
15624,28970
1750,3036
7521,13194
6834,12440
12482,23380
14317,26456
20806,38776
5787,10782
26870,51166
22156,42044
7417,14084
9129,16364
18656,35308
19346,37208
9487,17866
13896,25877
19672,37490
39836,76974
19395,36730
3887,6888
13271,25679
18656,35048
8691,15678
3301,5978
11363,21093
21569,40232
15836,29230
16991,31116
6179,11855
9585,17439
22946,42554
5357,9554
10711,20339
10983,20371
12008,23231
10323,19087
17033,32318
11184,21614
9749,18407
6324,12095
11884,21555
38643,71308
7436,14076
18004,34092
18811,35513
760,1292
9271,17785
15923,30059
4781,8944
38227,73134
11455,21120
5281,9326
26770,52326
15580,29862
7103,12495
3187,5760
16277,30794
5955,10510
17338,32196
11504,20784
7033,13242
9074,17210
12287,23566
11383,20902
6462,11960
12684,24112
9562,18475
3991,7346
9659,17548
8983,16634
11924,22852
7631,13752
31871,61690
26804,51102
14243,25976
3694,6568
13834,25484
19920,38119
13405,25158
1687,2855
17558,33148
10890,20759
7003,12567
9971,18478
8922,17115
7704,14396
5135,9314
14305,26775
13418,25212
4143,7912
19060,35959
17300,31513
9328,17326
12317,23722
2625,4668
3301,5978
10401,18886
21992,41422
22139,42011
12481,23758
10638,19854
20114,37933
6465,12038
4116,7350
13916,25816
22416,41720
19384,36278
8693,15823
23144,43744
15853,29194
33698,63544
9938,18201
15599,29095
12461,23594
8770,16447
27419,52910
16760,30840
6954,12160
9551,17215
10408,18842
13382,24944
10438,18709
12328,23690
4545,8191
7954,14264
47583,90948
30620,57014
13256,25462
13836,25780
21927,39697
11416,21461
5703,10424
4298,7886
4072,7450
22159,41798
18843,35876
20394,38364
12753,24604
18270,34508
3159,5445
11416,21461
19694,37342
24152,45948
5181,9444
7753,14384
18231,34692
9868,19041
33769,62262
10180,19138
21276,40560
5780,10622
3211,5625
31871,61690
21766,40566
3805,7018
15980,30280
2891,5196
20128,37042
20897,39205
20397,37291
11965,22204
3687,6531
11947,22174
9160,16944
3148,5530
12547,22613
5652,10274
18108,34054
9064,16812
8903,16598
5380,9880
8611,16031
58327,113476
22073,41909
8516,16321
10368,18962
4512,7848
8408,15850
13564,26090
10863,20084
25344,47362
7753,14254
11020,21285
16674,30392
7095,13094
6113,11790
22877,42990
12241,22979
7373,13703
11241,20630
14427,27395
10051,18318
35672,66508
21003,40067
18802,35802
3114,5726
11931,22604
4706,8486
10180,18773
10432,20048
12278,22492
2719,4962
5002,9078
3663,6516
12567,22968
7765,13714
6849,12312
13968,25914
10899,20241
4404,7958
20350,39140
9751,18312
5723,10430
25763,49586
5227,9544
6534,11985
4695,8806
15049,28906
8719,16398
13041,24416
6704,12420
12256,23646
7679,14064
16764,31808
6075,11494
8324,15390
11130,20422
5637,10201
11313,21729
15357,28896
19194,35568
11741,21275
7137,13630
10508,19983
15602,28978
10766,20150
15435,29062
11868,21480
5669,10746
18163,34477
29931,58168
3039,5480
10395,19191
4942,8951
3675,6800
7585,13514
6835,13183
12241,22979
18920,35888
8445,15112
10266,19086
19133,35235
13676,25866
17451,32914
12541,24112
9210,17126
18082,33546
14995,27860
16518,31364
15267,29097
24821,48224
17379,32817
9955,19291
15529,29182
15684,28891
8022,14946
7294,13674
20811,38334
21122,39970
10646,19758
19364,36320
2544,4526
6305,11842
12677,24135
16067,29312
16971,30955
7784,14394
8511,16356
23244,43723
19116,35951
3382,5988
9110,17052
8609,15728
8703,16194
21004,39114
23591,45042
16799,31595
8997,17401
3791,6880
11766,21972
6515,12488
8625,15875
31289,60236
19884,38776
10802,19568
15681,29230
14015,26912
19963,37707
14318,26858
8886,16344
20623,38716
12472,23326
19718,36359
44142,83684
6501,12360
5078,8988
19958,37422
6604,12288
9565,17782
17927,34605
2941,5090
7866,14886
14352,26894
8749,15892
16462,30525
4428,8012
24772,47436
6370,11454
46680,89413
13853,26699
13167,24402
5987,10616
8977,16670
11820,22941
5570,10219
10198,19620
9725,18526
18401,33978
6277,11529
16228,30384
9028,16682
8540,15450
11538,21967
23069,42334
21104,40106
9577,18220
14159,26414
30543,59215
16547,31194
21023,39359
15748,29636
21744,42015
4355,7565
8812,16034
9530,17051
27597,52773
5472,9984
8697,15750
5755,10658
26787,49642
2696,4823
6707,12418
11017,21219
17823,33842
7873,14346
12001,21738
5609,10524
5223,9806
20045,38017
12884,23690
11524,22262
7564,13578
20163,38147
3868,7040
12498,23950
16662,31111
28912,55397
5041,9460
4224,7616
8814,15847
30409,58438
11357,20714
8945,16647
15065,28406
23358,43739
6310,11884
14764,28235
14237,27209
17637,33164
25795,49108
6585,11826
16845,31488
10576,19934
13928,24988
5867,10940
9822,19021
25804,47364
3652,6724
17319,32219
10844,20472
11253,20423
6010,11388
7159,13556
24162,46079
17702,33936
11894,22474
7613,14378
21437,39979
9114,16911
19256,36101
22662,43714
18100,33912
16181,30420
9283,17904
4768,8965
22762,44458
12645,23404
23901,43339
18014,34590
3498,6434
19831,37799
7719,14580
29056,54998
12828,23877
3980,7336
9245,16875
9436,17970
16937,31999
9820,18146
25874,49109
4192,7676
3559,6454
21437,39979
5492,10372
8764,16206
19900,37495
3818,6850
8015,15444
6745,12804
12206,23022
22778,43934
35266,67925
14231,26232
30225,58251
22620,43372
8049,15098
3190,5768
2061,3438
12108,22866
9511,17042
51814,100862
12022,22260
6826,12494
3015,5434
12707,24506
23358,44775
14421,27714
6209,11292
14432,26450
18392,34811
12406,23834
19893,37104
26641,51691
7638,14613
15341,28479
23152,43698
22662,43714
7699,13596
10859,20570
42545,81506
15694,29212
6980,13160
20354,37442
19801,37375
10319,19325
7057,12876
24268,45840
10397,18780
11036,20402
7739,14472
4702,8599
5333,9826
25803,49796
16877,31350
6587,12628
11086,20772
9739,18272
20354,37442
23831,45810
15736,28590
12230,22842
10634,19164
10890,19891
5330,10006
21227,39930
24358,46276
13038,25276
10419,18948
16363,30752
25495,47150
12735,24016
3015,5442
30087,59016
6029,10985
10923,21152
10692,19992
1505,2566
6510,11566
7145,12680
26395,49159
5046,9483
10268,19154
21897,41716
9417,17428
13200,24428
10182,18788
8189,15853
26355,50858
17417,31744
17419,32350
5055,8682
7599,14128
4986,8932
42243,82284
8649,16104
28485,54597
27914,53758
18152,35310
11226,21756
9479,17540
10692,19992
15271,28572
8041,14716
8658,16301
18733,35343
28100,52349
3044,5486
13130,24918
8618,16399
28415,54258
18011,33834
23831,45810
12575,24354
9479,17540
8328,15260
15758,29884
5633,10570
5428,10228
9831,18921
17355,32639
24169,45382
14619,27430
8008,15085
16859,31176
15270,29342
9730,18380
10890,20370
10553,20086
16834,31350
4186,7344
22188,41742
1431,2366
10947,20120
5967,10662
5887,10826
17016,32085
16561,31002
13482,25578
13370,25606
5256,9475
13952,26308
13604,26092
17772,32982
23133,43112
18555,33982
12037,22887
3781,7208
10461,19052
14605,27216
9150,17064
3942,7297
20211,38274
42668,82010
11799,20836
4660,8461
33274,64088
19441,37008
21596,39675
18484,34634
15163,28490
35466,68376
5055,8936
6671,12782
28237,53475
15670,29467
20269,38246
4252,7920
12941,23614
24324,46186
16468,30553
10552,19876
20647,38426
7613,14592
7320,13716
17099,32482
20545,38510
11634,21908
2185,3852
11975,22193
11762,21577
12133,22860
10295,19928
7542,13692
10813,20789
11840,21647
16176,29962
7409,13306
37566,67628
6537,11976
39655,76702
27067,50761
14295,26052
22858,44038
11510,21550
17024,31304
17604,33162
15355,28128
42296,81948
9013,16178
8230,14840
12862,23718
9127,17038
14600,27218
4713,8928
12058,22084
12772,23762
7060,13002
12407,23182
3562,6322
12353,22242
15901,30190
11661,21606
20269,38246
6776,12621
8493,16155
24881,47292
2023,3739
13905,25992
10265,18762
6780,12284
8996,16372
3438,5918
13947,26928
8548,15334
23338,43249
5778,10932
16475,29562
6006,10612
19441,37008
22077,41016
11821,22829
25709,48702
22350,43309
38538,72372
13579,25306
6268,11522
16290,31144
11130,21437
16950,31652
9267,17024
6627,11722
12075,22640
12405,23070
13065,24728
25785,48172
11254,21619
19786,37214
5678,10758
8008,14646
13388,24852
2522,4482
3967,7022
15410,29657
24907,45950
12828,23844
6595,12128
10107,18597
5317,9531
14053,26186
8610,16527
12022,22631
6160,10644
3902,6980
4401,8218
12058,22206
9540,17822
24552,45708
15765,29927
8338,16057
8023,14632
13791,24662
9849,18179
46252,90464
30977,57328
12725,23798
13298,24604
20075,38325
8116,15141
22751,43240
11390,21828
16913,31734
3020,5438
10921,20099
22091,41344
16984,33094
3047,5390
10492,20249
3261,5816
25195,48145
3855,6990
38133,73556
15245,28143
14847,27684
12068,22064
17026,31257
6804,12897
13253,24686
14323,26906
9717,18263
18885,35574
20978,38650
22972,42648
10697,19586
6144,11240
12104,22486
4439,8304
18873,35230
8704,16266
10901,20816
19924,37752
22847,43650
10768,20255
4182,7652
16682,31443
12879,24332
18447,35299
6229,11364
24412,45648
8870,16840
16529,31540
16202,30534
4685,8440
11813,22118
18929,35014
32001,61617
20015,38651
9773,18028
19647,36738
1376,2384
11713,22688
14933,28202
7010,12860
10834,20960
14847,28530
6791,12863
12348,22261
17351,31978
3156,5612
14979,27864
16777,31872
3796,6684
16485,30840
30692,58328
9391,17534
30021,56098
7385,14025
7679,13954
8178,15170
8902,16598
10426,19714
3999,7189
10782,20655
12238,23150
12778,24451
11825,21968
13396,24486
16467,32027
24054,44614
39958,77288
6157,11431
17574,33404
36718,69688
27636,52787
13698,25950
15126,28290
22912,42334
8192,15280
20671,39569
11746,22422
23748,44908
7059,13152
10848,20054
12673,24109
19340,37188
10109,19530
17661,32634
8731,16584
14914,28283
13443,25906
17072,32788
10358,18154
10335,19660
12400,22930
12626,24152
8203,14904
8127,14756
11916,22392
4058,7483
12209,23382
9980,18738
11849,22140
24054,44614
9106,16571
14999,28117
7484,13446
12037,23092
3882,7378
18767,34294
19733,37086
3301,5978
13590,25582
24332,46068
4058,7483
6022,11420
6027,11494
30098,58033
10483,19844
16750,31012
12565,23244
11263,20552
36433,70358
15042,28348
11281,21193
13444,25068
19777,37831
10161,18591
8272,15819
25019,46230
7399,14040
10939,21122
6912,12499
15678,29351
39079,71912
7994,15190
21140,40073
12984,24295
8686,16490
14925,27009
6689,12753
3561,6458
8690,16340
14776,27068
13710,25816
24349,47614
7312,13340
16037,31096
3888,7068
7516,13797
14569,28253
45354,88511
4232,7922
29012,55982
16439,31628
16867,31390
14325,26304
8739,16280
17111,33260
17803,33684
35961,69598
12285,22449
2819,5056
13480,24114
42586,81382
20771,38890
4831,9062
8803,16306
20035,37622
9642,17770
8671,16136
19042,34982
10074,18837
13521,25404
7071,13433
7657,14379
18043,34366
13043,24781
23109,43981
7825,13987
7873,14700
12187,22358
23077,42107
20138,37602
14224,26518
20913,39809
5557,10586
3648,6597
27532,51232
2640,4962
8861,17000
16510,31680
8677,16202
12285,22449
16355,30254
18197,33644
6666,12014
8590,15934
16629,31671
11560,20890
18478,34618
6055,10828
8614,16037
13010,24036
5645,10759
4509,7828
5877,10818
8196,15752
12515,23984
9611,17850
10783,19542
9213,17510
12065,23314
17044,32013
6102,11320
10445,19680
6936,13194
17596,33393
34512,67096
8255,15698
8813,16876
46812,91718
24712,45046
9107,17532
5853,10894
12474,23318
15029,28273
11026,21266
9921,18440
13093,24072
21842,39266
14337,27118
11929,22758
24012,45204
3082,5560
3856,7386
13424,25390
22450,42269
13253,25370
18432,34752
10126,19487
4137,7542
27351,53579
5419,10158
5996,11367
16659,31248
10616,19974
7182,13392
24575,46839
5520,10120
16225,29994
12746,23799
8614,15872
11389,20271
9809,18260
12159,22912
10134,18372
21017,38996
5559,10543
23800,44344
13687,25420
11280,21695
22183,42538
9383,17864
4344,8120
18442,34038
11284,21610
6622,12664
18379,35805
4743,8602
13586,25125
33253,64610
11925,22348
21084,39876
25223,48832
12068,22481
10076,17827
5663,10290
23366,43587
15887,29801
32236,59774
16621,30996
9743,18294
10358,18922
9213,17061
24544,46448
17662,33466
10396,19928
2704,4929
6376,11630
34679,67159
11900,22312
16432,31008
11085,20576
17083,32106
18470,34882
10342,18696
7660,14531
8900,16464
4771,8998
19456,36001
5141,9702
8267,15166
18927,35141
5113,9119
9617,16910
7629,14040
8383,15448
8411,15645
3559,6028
8526,16238
12215,22906
9130,17414
957,1669
14898,27128
27318,52868
20716,39760
10887,20000
8919,16150
13393,25234
47781,91932
34976,67489
4583,8064
18649,35098
15485,29257
6336,11574
30383,57665
1090,1944
20274,39185
6757,12909
13419,26017
29816,57582
13573,25226
12389,23638
7123,13063
8752,16681
16279,29279
9387,17292
4563,8640
28487,52699
21760,40907
9249,16350
9903,17964
9015,17331
17302,32594
10818,20204
13184,24988
14017,25796
17174,32424
5732,10802
9999,19106
20794,38928
8608,16552
31234,59463
5164,9158
22243,41614
55516,108356
5708,10696
14234,27320
34783,64365
6285,11614
20148,37767
14489,27238
6616,12646
6829,13012
18028,34694
19511,37534
11582,22440
15801,30176
9364,17235
3365,6185
32965,63585
11779,22236
11430,21144
11974,22256
8760,16856
10589,19239
15479,28392
16332,30556
7686,14482
11512,21664
18387,34144
34945,66965
35915,67724
9935,19163
6623,12108
6205,11224
5274,9732
11803,22428
9868,18834
22025,41699
11567,21188
10539,19990
11593,22486
14352,26876
17994,34190
6943,13034
10581,20315
16172,29751
21042,39289
3621,6531
6012,11382
14214,26804
26759,51283
24490,46060
8596,16527
6102,11386
4061,7410
3165,5720
21317,39196
20669,38204
7407,14120
7456,14331
12491,24398
8358,14820
14213,26716
4020,7242
39167,74663
12925,24018
14817,26707
9878,18849
15406,29344
17181,32638
20371,38168
18148,33662
12214,23478
9812,18362
6623,12079
3307,5826
16790,32165
20360,38650
19730,36907
11572,22217
10436,19021
22986,42626
8985,17253
13519,25241
21022,38453
9126,17314
4819,9062
13239,25620
18446,33527
9564,17439
9053,16801
8159,15121
7764,14271
3801,6674
21457,40215
17454,32852
21495,39850
13753,25319
18389,34374
6012,11382
6277,11978
55783,101310
6339,12020
18979,35105
13086,23889
10887,20500
19120,36103
11780,22040
5301,9611
6640,12504
7941,14526
3301,5978
15510,28420
20049,37338
32677,61118
2190,4082
4683,8752
8504,15866
5057,9034
3371,6116
5137,9326
11209,21517
9886,19153
11172,20629
4074,7268
25520,48730
3890,7040
22247,42899
10952,19942
9341,17150
9894,19094
7909,15350
8571,15650
14200,27426
15164,28815
13319,25623
13294,25682
18447,34780
14253,27674
8124,14786
14620,27478
12259,22250
11674,21616
8307,15914
15449,27690
12544,23888
7721,14606
14935,28123
8544,16439
31239,60346
7667,13976
18343,35339
2903,5178
10619,20348
17105,32148
9486,17540
3810,6808
12247,23680
11302,20825
17027,32098
15064,28326
14570,27026
8122,15288
21135,40026
12297,22815
8094,14500
10669,19598
24203,46102
13206,25363
13181,24818
15363,27928
23814,43909
10515,20290
7452,14100
8816,17103
21961,42136
10288,18878
6930,12580
39518,74745
7321,13826
9587,18462
6137,11188
3021,5716
11193,20964
21529,40792
3701,7033
9953,18584
25700,49477
3046,5336
13814,25069
17500,33218
3717,6560
12208,22428
6083,11442
11126,20224
10511,20214
35309,68002
4882,8922
10848,20108
13819,26490
1994,3697
10439,19584
8319,15742
19283,36879
19283,36879
14832,28264
21857,41771
20032,37071
13999,26423
18707,34836
15946,31023
19121,33991
7497,14280
11869,22402
42521,82992
14579,27834
13211,24530
16443,30525
8630,15848
10066,18806
8880,16054
3904,7198
15178,28302
15430,28972
18707,34836
8640,16437
6085,11395
15050,28378
8027,14848
21953,41774
17115,32200
14758,28366
2928,5001
6364,11798
6681,12002
6537,12278
12842,24178
21953,41774
15428,29692
12258,22702
8065,15158
6564,11816
10942,20464
10276,18854
3796,6702
13395,25496
14085,25896
5827,10765
40137,77335
13441,24119
10519,19810
15359,27920
20420,38613
8368,15124
19491,36645
23992,44401
5739,10528
3057,5485
17486,32114
13471,25814
17797,33502
14585,27136
6526,11850
13236,25530
25054,48251
3759,6656
7541,14438
16545,31684
10521,19262
23568,44343
15978,29618
13387,25492
5352,9480
9806,18102
7999,14890
18346,35332
17796,31460
13289,24812
56443,109060
13907,25141
5114,9062
4443,7853
43012,84052
11507,20985
38470,72708
6014,11380
5784,11031
10345,18851
18373,34807
21000,39843
559,676
14778,27316
8190,14668
9234,17850
48377,93970
3301,5978
16766,31514
19385,36624
13920,26342
21551,40896
23629,44471
14820,28591
35805,68726
4674,8706
22452,43080
14589,27564
6524,12006
14002,26102
7831,14088
6362,11406
19094,34708
43347,83852
15732,28904
8838,17049
19083,35718
21587,41016
15178,27932
9082,16527
20776,39066
9122,16950
13254,24449
10521,19512
43884,85154
15225,28254
1738,3175
10456,19404
21168,39708
20189,36932
14849,28634
6257,11531
14655,27983
11868,21922
6962,13494
12475,23670
8059,15193
26631,51308
9154,17475
7931,14440
17626,33492
13379,24180
6654,12585
25092,48134
6654,12258
21220,40212
17994,34171
9544,18190
11527,21424
23597,45164
21680,40442
5329,9986
13036,24223
18498,34746
8881,16268
2411,4185
14626,27357
17007,31866
14270,27094
27785,53329
14727,27818
19801,37897
16047,29714
16388,30794
15273,28488
18144,34138
18487,34386
10280,18748
18684,35235
4727,8830
20847,38784
23958,45335
10690,20278
2197,3811
9545,17566
22932,43362
56053,107431
10392,19711
5305,9896
8920,15999
31312,60312
29633,56720
8307,15454
13872,25805
11164,21664
24332,45195
2859,5126
10802,20190
15911,29840
27194,52064
2269,4209
7583,13907
9000,16860
10711,20622
14442,27667
20296,38511
16387,30390
29727,54020
7514,14276
20734,38550
19418,37838
16301,31355
5647,10584
6987,12558
9398,16926
21529,40861
14571,27158
25708,48330
24232,45548
5960,10766
7997,14628
8915,16946
41886,79088
14571,27158
3393,5928
50131,98312
9224,17211
8093,14884
4238,7997
22353,41434
10197,18756
11997,21802
9783,17695
13306,25219
33646,65306
6503,12198
21116,38898
19707,37289
13946,25902
3921,7137
33620,64194
28361,50989
23436,44460
19654,37278
25715,49613
12618,23825
14173,26062
5827,10442
5732,10734
12899,23970
9206,16238
11932,21680
18325,34510
11958,22821
17505,33154
8973,17036
15874,29526
6490,11835
10352,19566
10217,19206
13802,25724
10057,19033
12031,22222
5074,9550
8697,16048
9920,17770
12268,23538
43827,82818
7894,14344
13835,25844
18357,34589
12187,22898
6863,12554
11606,21884
8923,17139
33754,64997
13253,24991
10620,19403
17382,32761
15623,30113
4991,9110
37235,71889
33992,63249
36616,71059
17671,33900
55511,109086
10021,19156
3464,6608
8769,16124
15108,27648
20200,38018
7864,14407
10895,20238
25859,49876
6445,11796
13097,24762
12769,23696
21890,41152
9657,18590
19938,37159
38412,74436
16914,31587
11709,22192
12870,23145
41805,77110
12759,23612
21899,41711
12361,23396
12360,22841
1059,1863
3556,6377
17423,33024
8557,16230
25732,48236
11458,21096
12500,23972
31963,59958
18576,34903
7864,14522
13404,24844
3995,7306
30845,56621
14499,27814
15227,29583
13382,25311
16720,31660
22920,43406
10945,21115
13026,23696
7307,13106
5358,10048
19830,37400
4085,7574
19628,37085
18221,34124
11304,21630
10903,20816
39584,76075
20714,37778
25732,48236
10528,20331
9241,17710
9610,18333
8227,14974
19419,36758
8753,16586
9699,18060
12279,22679
9151,16970
10803,19636
8506,15632
5675,10956
16944,31784
20037,38280
13678,25730
46813,89058
10946,20684
9610,18333
13594,25993
3781,6876
11018,20916
37246,71893
13472,25822
5951,10746
9915,18081
9668,17805
18797,35868
11410,22022
10661,19657
4161,7455
12067,22506
13956,25727
9724,18747
6362,11628
10927,20482
25717,48694
13667,26080
11174,21244
25392,48260
7248,13168
21733,39994
7210,13274
23746,44870
7325,13696
10728,19664
20405,38551
7691,13807
9940,18664
12817,24829
14558,26544
2832,4946
30463,55269
6778,12494
12110,22209
7385,13703
22472,43380
11900,23054
26100,50162
17710,33183
6893,12580
6432,12288
10061,18610
9634,18577
30625,58644
8540,16238
17806,33801
9911,17904
23266,43398
16695,31794
8068,15400
10844,20116
2570,4637
7142,13104
22303,42006
4687,8550
16564,31473
15551,29402
11611,21164
5796,11080
6493,12208
8368,15824
5458,9730
7027,12626
47787,93205
18347,34660
14937,28174
19098,35078
38053,74830
10006,18955
9588,18415
24154,46264
3746,6790
26624,49542
9007,16984
6831,12706
18801,35564
1520,2551
6319,11523
14837,26186
28291,53838
20036,38969
11582,21630
6177,11684
10503,20278
7928,14670
42562,80968
6682,12125
21633,39836
6168,10984
20833,38228
10533,19514
8733,15847
19880,36700
6400,11818
10154,19184
9455,17338
7651,14292
8033,14569
14298,26633
13820,25802
19336,37368
12808,23120
10935,20878
23221,42728
6223,10902
16197,30727
11209,20754
16753,31118
13867,25651
9809,18140
24083,45473
16572,31359
29555,56901
9850,19026
19259,36891
13371,24815
6908,12249
6456,11614
15003,28631
9455,17338
15932,30102
5347,9918
12230,22589
5840,11056
10310,18951
17693,33083
9309,17858
16753,31118
22328,42220
9941,18398
26660,51978
12791,23416
10470,20045
5485,10342
22188,40322
23821,44424
7859,14744
9744,18426
4394,7904
8537,15768
8274,15701
12769,23893
19535,38000
20510,38572
32441,59770
23496,44712
27686,53818
13432,25181
10790,19634
5992,11439
7107,13133
11823,21702
16822,32198
11395,20532
6202,11744
7632,14298
9680,18456
28220,52170
26313,49141
11206,20563
17827,33790
11963,22060
12506,23524
12554,23458
2238,3992
19103,35642
9169,16830
11494,21492
19584,36588
10387,19842
8628,15814
11994,22926
13989,25138
13404,25737
17358,32114
32207,62100
7123,12751
12631,24476
32940,59263
17358,32114
7661,14046
7310,13537
28657,54080
25305,46984
17616,32727
8739,16020
18595,35532
3301,5978
6272,11558
23281,42809
5450,10320
8228,14980
10930,20474
22427,42664
15176,29240
22554,42154
33290,61574
5017,9557
6316,11442
9429,17484
4878,8954
16350,31090
20758,39637
18897,35336
6510,11866
702,1181
5646,10403
46646,89574
15370,29838
8635,14895
7844,14098
6608,12397
11472,21000
6156,11336
15045,28168
8203,14345
6227,11202
22554,42154
31332,60924
7038,13316
20408,37940
33025,62942
7292,13380
24604,45114
7844,14098
18038,33891
12106,22351
8418,16037
10174,19106
1356,2268
2813,5046
18621,34943
29699,57266
12728,24643
25731,48104
4906,9349
12781,23920
13795,25651
7164,13170
12991,24745
3672,6662
11727,21636
11502,21606
6329,11172
23873,45360
14220,27188
4718,8552
30239,57962
12021,21632
38128,72995
10505,20020
18160,33532
22285,42352
20060,36765
22386,41844
3422,6154
4003,7300
4688,8473
8941,16047
13433,24752
16080,30242
16574,30290
10056,18752
3533,6260
6668,12064
8624,15984
17272,31582
9862,18750
10228,18888
13478,25004
11184,20920
14664,26770
10469,19445
15014,28100
5755,10258
12730,24192
3533,6260
9564,17488
3677,6674
9799,18795
20573,39287
5700,10572
7388,13840
16927,32186
15264,29530
10531,19998
22022,41037
27947,53738
2338,4202
4003,7300
9263,17470
18164,33574
13127,24223
14550,27264
16567,30856
27259,52168
10167,18493
18487,34802
18717,33914
8808,16962
8343,15190
4729,8385
14569,26246
9255,17473
5685,10802
12310,22544
8786,15913
8265,15174
7357,13927
32397,62582
3080,5540
5653,10670
11726,22205
8310,15804
9808,17837
24832,47140
23047,43992
18695,33931
8403,15273
14267,27074
13131,24096
26735,50396
16178,29278
15900,29468
7707,14754
6347,11516
3866,7048
5758,10508
9408,17382
6429,11996
14044,26828
5341,10135
21044,39456
16614,30738
11508,21167
25417,47766
7358,13448
5559,10526
5969,10662
7894,14226
4003,7300
19015,35640
11168,21076
12459,22755
8150,15298
4577,8206
2923,5252
17987,33984
23710,44706
15541,29324
12928,24066
40631,78463
23384,43808
9667,17775
21706,41182
14437,27180
11806,21808
20559,39068
1590,2649
20741,39265
22435,42576
9915,18463
16168,30278
16586,31154
9254,16875
24782,45903
3079,5637
2084,3834
2051,3614
18188,34799
16156,29331
26668,51520
10881,20253
3950,6960
9171,17676
25285,47848
8490,15291
31223,60571
5965,11300
5189,9394
8402,15366
3301,5978
16857,32202
9152,16958
9898,18086
12778,23933
13416,26023
16983,32631
18446,35014
9791,18675
11413,21102
10582,19520
14470,27450
12837,24812
8034,14598
14321,27180
8545,15826
23790,45164
9444,17611
9875,18658
6994,13308
6877,12928
13821,25234
8393,16090
18312,34211
24044,45962
9659,17512
14991,28190
16281,30324
5727,10030
7620,14011
9900,18488
7160,13066
10848,20889
14217,27163
6246,11523
26751,48961
10990,20450
11052,21347
19166,36606
11848,21989
5829,10870
19111,35492
1729,2866
13196,24760
11354,21382
9522,17164
14620,26977
24648,47236
7248,13588
21383,41018
11949,22441
11140,20268
19007,35992
4378,7860
13263,24417
5196,9320
4794,9012
8659,16019
12603,23536
4823,8754
11517,21298
6203,11042
23385,44585
11000,19854
7082,12488
8278,15383
29878,57301
18856,34784
16901,31932
20818,39413
36880,67864
19254,35998
27582,52374
16269,30476
11264,20212
16955,31520
6314,11945
26015,50845
12917,24112
5813,10726
11939,22745
5153,9881
11752,22490
12275,23365
10354,19758
11944,23085
12022,22244
15996,30198
3872,6743
26165,49635
19609,37174
1325,2225
9412,17594
23187,44006
11253,21522
25339,48370
17540,32896
14719,27802
7806,14426
62758,120214
4678,8524
37549,72430
9672,18059
11279,20432
4689,8810
20266,38060
17366,32502
12848,24495
22536,41614
27742,52180
5646,10522
11070,20754
8016,14287
33860,65827
9464,17966
12346,23719
16488,30880
10019,18645
11048,21174
15637,27914
3923,7260
6999,12714
11446,20984
22862,42774
20631,38373
12438,23950
18995,35627
14774,27567
7716,14052
7740,14144
6428,11586
6901,12852
5279,9450
5237,9421
33826,65625
10891,19693
17049,31894
6552,12094
28566,53462
10986,21220
17617,34245
8189,15570
19099,35848
2678,4790
5348,10183
6776,12447
7787,14572
18761,34482
6746,12890
32987,63681
4407,7722
22862,42774
16488,30880
11223,21426
9058,16603
9213,17280
14734,26910
9564,18362
17049,31894
9247,17732
13161,24687
9605,17420
15323,28706
4586,8201
9339,17846
6965,12686
15445,29495
26039,49637
38208,73040
7603,13416
12892,23821
9731,18792
14586,27908
28024,51763
17381,31670
38023,73433
24193,45190
7712,14660
5830,10554
6466,12262
2735,4882
13727,25878
5433,10302
6989,12979
19244,36096
5618,10699
16620,30418
38023,73433
11212,21878
16104,30584
66804,129554
7823,14108
11178,20905
25657,48516
18441,34333
18260,33489
3525,6246
9254,16822
30715,58951
11878,22986
18340,35006
20754,39294
13777,25408
4128,7372
1613,2668
11689,21282
10974,21177
3600,6315
24800,46192
34416,67268
22790,42084
11587,21270
16280,29746
14036,26596
16247,30759
17631,33370
20893,38630
24634,46214
33433,63254
2688,4632
9993,18369
13241,24762
14375,27162
10762,19599
16883,31926
5562,10049
22790,42084
10203,18602
5379,9649
9656,17491
5148,9272
10689,19888
19960,37122
23351,44829
20304,38617
8615,16558
16774,29146
7530,14136
5379,9649
12714,24050
1847,3279
8942,16320
8105,15553
8283,15168
14681,26997
12561,23474
15242,29363
24607,46466
16923,31692
7054,13163
7609,14681
14770,27894
4453,8050
7857,14918
20301,37990
8403,15430
9768,18880
12538,24212
5438,9649
5689,9938
24471,45852
17850,33570
13304,24629
16708,31287
6564,12219
20637,39316
20496,38276
16640,31876
14830,26890
15585,28696
13047,25214
14692,28208
12635,24457
18602,35020
17753,33256
9306,17526
32020,60343
12904,24558
10661,19411
28451,54649
25030,47535
20603,38912
3640,6572
41258,79683
3234,5848
12982,24084
5412,9888
16445,31977
11739,22041
13742,26129
10656,19980
14991,28109
9807,18080
13701,25450
3614,6544
3679,6550
7855,14706
5920,11016
11773,22727
14568,27874
11985,22927
8273,15358
29526,57508
15514,28922
14663,27184
9114,16994
3892,7072
13621,25673
27242,52075
12829,24765
9409,17288
32833,62858
15553,29312
8961,16459
13787,26778
26223,49114
11018,20414
9571,17450
22186,42655
10013,18614
3652,6406
51367,95416
8592,15676
11356,21121
4564,8036
2090,3642
11710,21856
12349,23216
24742,46796
5654,10436
7282,14001
7127,13674
7134,13628
23028,44984
13293,25520
17456,33166
18188,34688
16292,31330
4418,8246
16118,29859
11247,21070
6130,11316
11284,21343
3408,6024
5696,10653
4702,8510
11504,21160
18756,35327
12638,24328
6579,12021
12771,23724
21212,38610
20795,38672
17406,33810
4354,7836
15394,28578
17100,32118
24032,46106
4408,7798
11769,21830
17363,32316
22002,42034
7492,13376
12629,23962
16359,30326
21925,39748
8085,14904
2580,4598
2050,3613
20752,39104
41258,79683
23094,43116
11693,21932
12961,25172
23327,43498
9247,17212
33664,61330
35843,69158
15457,29718
24207,46240
8444,16074
5030,9144
14416,27178
6112,11254
17721,33586
4874,9154
8301,15004
11187,20640
27752,51836
21908,41900
53106,103440
16589,31342
8399,15123
15843,30190
28187,53620
12462,23290
13336,24770
10856,20218
12806,23468
15457,30021
25399,48229
23796,43459
3582,6478
15287,28118
8011,14512
12705,24382
11598,21873
11074,20439
20811,40196
12093,22191
13465,25054
10626,19645
21614,41032
11152,21042
9540,17994
20921,39346
8059,15140
8148,15557
14850,26864
38905,75404
2292,3972
6456,12174
9260,17448
10087,19308
9095,16364
12210,23433
4940,8982
6863,12778
12441,24039
13208,24342
21272,40503
7401,13490
8525,15696
3981,7250
15746,30076
20674,38501
37273,70538
7966,15085
15124,29242
8305,15722
19179,36339
12854,24936
8911,16218
3242,5634
17177,32382
21093,40260
4948,9081
11258,20157
7993,14966
18784,35813
30043,56732
11626,22528
8806,15941
7494,14070
34607,67884
7617,13845
6915,12600
15992,29702
15000,29128
15551,29658
10694,19600
16318,30984
4974,9292
12924,23717
15577,28754
18190,33504
3815,6696
9426,17132
3323,5926
11927,22564
8964,17123
16951,32650
7505,14217
13998,26458
568,909
10292,19671
11312,20741
9948,18158
15669,29506
28979,55323
3066,5530
11339,21890
5185,9466
20615,39750
5272,10035
10938,20720
8258,15113
21640,40392
30725,58506
10468,19168
15136,27595
8774,16180
11804,22416
12887,24558
26784,51346
4534,8078
20771,39928
568,909
19196,36472
5122,9648
17085,31710
13630,25246
26129,49810
20490,38166
8538,15968
20963,40244
3902,6980
13859,26288
17728,33330
16934,31166
14476,28108
11612,21280
5220,10027
28805,56154
6284,11997
20233,36824
8641,15598
20175,37672
20072,38022
16442,30251
16586,31100
27269,52770
23662,45818
15996,29551
4765,8262
9241,16694
13301,25356
21822,40977
19215,36264
22289,42081
10968,20942
17342,31699
16718,32499
2879,5108
37499,72750
5819,10536
9455,18134
11958,22066
20697,38270
10608,20440
22937,43270
15302,28118
9527,17624
17038,31278
10153,18784
18952,34928
31528,60266
2667,4754
11254,20564
29369,56530
11412,21123
15615,29415
43254,83754
14744,28278
19591,36336
9493,17410
6059,11049
8131,15455
10937,21298
26054,50413
14123,26370
6476,11561
16675,31264
4100,7652
14748,27126
6090,11436
34612,66193
8160,15100
14622,27368
19234,36550
26367,49800
18093,34344
21525,41235
23242,43203
21261,39288
5470,10060
19632,36762
20659,37558
12112,22360
12648,23623
39614,76673
19658,35283
3360,6018
23045,43454
2425,4127
8002,14902
25114,47990
28646,54668
22197,43320
13384,25381
9786,18290
4996,9388
8164,14936
7729,14875
6502,12053
19637,36885
31942,61694
12189,22534
14524,27816
12516,24018
12749,23097
23462,43370
19629,36442
14954,27729
11719,21586
15296,28336
14092,27116
10988,20502
9229,17659
18706,35010
9348,17158
11095,20560
22351,42555
6576,11775
15033,27584
5141,9182
1369,2299
10869,20721
15092,28472
31602,60716
15342,29558
8846,16441
55811,107097
7841,15061
15312,29158
13558,24592
14686,27461
5374,9799
7273,13289
6761,12574
10264,19114
19278,36151
4584,8222
12347,23059
20532,39395
8719,16325
21802,41240
10411,19649
9667,18259
11951,21860
10639,19645
16576,31164
23612,44512
13361,24940
5633,10614
13849,25537
14236,27304
7577,13518
25622,48016
13144,24376
6516,12229
3307,5966
10807,20746
23684,44392
11736,22052
23684,44392
18134,34483
17075,32255
10310,19198
5180,9750
15398,29570
8593,15840
9660,17441
18630,35232
14701,28514
12485,23822
10161,18804
3981,7385
15323,28722
11256,20351
7977,14748
13751,25571
6585,12424
46171,89449
7914,15207
4026,7136
18695,35185
12404,22566
11342,21129
12576,23544
10742,20726
7489,13698
8775,15920
17625,32184
7724,14751
23909,45206
16615,31222
19194,35496
17216,32108
11688,21494
9514,18100
9544,18389
32590,63113
14222,26828
13619,25025
7145,13389
19194,35496
8397,15632
4605,8302
20964,38514
16856,31536
17267,32238
10128,19328
13663,25318
13665,25224
10158,18572
20099,37726
23236,43171
13523,25035
26943,50322
4419,7990
9284,17092
14910,27886
14985,27888
9034,16744
13839,25768
15899,29343
14690,27560
9907,18496
13811,25808
13159,24277
15066,27623
4861,8402
6984,12944
13224,25394
17582,33627
17658,33673
4273,7688
13807,26472
19000,36246
13496,25399
11015,20540
15982,29771
10396,19907
16431,31298
16050,29526
30816,60016
21466,40552
18173,32936
12875,23862
11239,21540
17615,33267
14060,26512
16068,30213
25068,46864
10621,19522
5881,10596
11478,22154
21344,39576
14178,26417
4255,7914
10956,20666
12007,23039
19468,37955
14012,25543
10090,19060
12701,23596
19159,36166
6253,11142
7891,15165
8763,15923
6849,12355
7472,13830
12584,23314
7822,14828
26668,50988
33217,63303
9484,17406
25053,47916
15500,29840
9050,17018
11926,22316
13814,25246
11734,22398
20253,39114
4092,7632
25505,49430
3301,5978
15109,28188
14115,25066
4317,8106
8078,14739
13250,24963
24745,47647
20137,37777
3228,5840
5296,9966
22588,42934
6144,11299
21416,39195
8310,15202
9901,19077
29229,55046
10816,20852
8940,16566
7168,12866
14093,26710
37721,73868
16670,30600
7727,13966
24330,45972
14874,28781
19356,35792
23639,45503
15294,28394
7695,13672
14952,27980
7744,14168
12203,23661
13027,24023
11180,21408
9807,18853
10981,21212
18985,35469
13545,25304
7381,14070
7247,13286
6387,11973
5375,10174
20059,37842
16212,30884
12611,23970
10513,19034
3166,5620
6265,12021
30206,57619
19262,36558
6331,11735
19356,35792
19569,36038
14467,26037
15750,28430
11767,21942
8856,15986
4230,7577
6764,12676
20479,39247
8035,14630
9967,17930
27792,52261
28526,54443
16178,30466
19910,37246
7333,13792
21770,42125
14097,27032
18567,34102
9686,18172
16824,32158
1095,1900
11060,20825
8097,14954
4152,7729
18440,34635
16226,30373
8874,16200
6787,12508
11025,20840
39550,76278
20059,37842
10996,20625
8068,14386
23387,43681
60941,118046
8441,15563
17159,32618
14956,27684
11921,22491
18176,34131
12587,22850
2539,4531
